,Time,infragravity heights
0,2010-01-28,11.381748668374108
1,2010-01-29,11.24879398300557
2,2010-01-30,8.766837374753418
3,2010-01-31,8.052569141525076
4,2010-02-01,7.156533949144038
5,2010-02-02,5.188672116989363
6,2010-02-03,5.407915832371117
7,2010-02-04,5.58154712980764
8,2010-02-05,6.557372584783046
9,2010-02-06,6.436815246523751
10,2010-02-07,6.426542304446382
11,2010-02-08,8.169219448280275
12,2010-02-09,10.659510616785946
13,2010-02-10,10.167461241776326
14,2010-02-11,7.364941806588085
15,2010-02-12,7.887688596114203
16,2010-02-13,10.74793088252914
17,2010-02-14,12.687290900438043
18,2010-02-15,12.98909072145281
19,2010-02-16,9.440071771565421
20,2010-02-17,8.255593106484861
21,2010-02-18,9.86144195265485
22,2010-02-19,7.991622339111948
23,2010-02-20,7.2137274412391195
24,2010-02-21,6.836665228139806
25,2010-02-22,8.253201693900918
26,2010-02-23,8.357835147793034
27,2010-02-24,7.636209242234556
28,2010-02-25,9.464908582067917
29,2010-02-26,10.323524244216554
30,2010-02-27,10.489946256452843
31,2010-02-28,47.90068355070043
32,2010-03-01,17.345091565219388
33,2010-03-02,11.678653485769745
34,2010-03-03,10.899039242679576
35,2010-03-04,8.572988853733051
36,2010-03-05,11.349829692255687
37,2010-03-06,11.016888393805909
38,2010-03-07,9.658604387280375
39,2010-03-08,10.18506619935786
40,2010-03-09,10.294872447931922
41,2010-03-10,10.675747403663614
42,2010-03-11,9.177329476939711
43,2010-03-12,11.647939222104721
44,2010-03-13,9.048672197914758
45,2010-03-14,8.621566291187897
46,2010-03-15,9.061172256253595
47,2010-03-16,9.990762155847365
48,2010-03-17,11.127263779320138
49,2010-03-18,10.036154601144123
50,2010-03-19,8.674401703005548
51,2010-03-20,8.241156836404382
52,2010-03-21,8.812940459518956
53,2010-03-22,7.599897480639784
54,2010-03-23,7.8239514899349185
55,2010-03-24,8.129139906291751
56,2010-03-25,7.3124763671649635
57,2010-03-26,5.975060052795657
58,2010-03-27,5.769664607313289
59,2010-03-28,7.2771610843485295
60,2010-03-29,8.54873162343289
61,2010-03-30,9.261021737251907
62,2010-03-31,13.862589568541582
63,2010-04-01,10.211988333179688
64,2010-04-02,7.8362360664311685
65,2010-04-03,10.32686523572906
66,2010-04-04,9.622840346462723
67,2010-04-05,7.734137010955577
68,2010-04-06,6.838628031970752
69,2010-04-07,6.186874609061256
70,2010-04-08,5.673717532284077
71,2010-04-09,5.936924717130536
72,2010-04-10,6.88871617868229
73,2010-04-11,6.76649359911392
74,2010-04-12,8.962248120029935
75,2010-04-13,6.438981702892211
76,2010-04-14,6.51792799733879
77,2010-04-15,6.012572439542372
78,2010-04-16,5.883442456943886
79,2010-04-17,8.38168464952417
80,2010-04-18,8.171634174845043
81,2010-04-19,6.398130691899695
82,2010-04-20,6.004625807028058
83,2010-04-21,8.361185337442993
84,2010-04-22,8.508372582236479
85,2010-04-23,6.39745669758434
86,2010-04-24,5.904319345548534
87,2010-04-25,7.389282264976072
88,2010-04-26,6.872021774731359
89,2010-04-27,7.270351316971706
90,2010-04-28,5.270914744601288
91,2010-04-29,6.552053774098917
92,2010-04-30,6.725842608206497
93,2010-05-01,5.50975745433503
94,2010-05-02,6.748010043805932
95,2010-05-03,8.008876582916146
96,2010-05-04,6.9234330330058995
97,2010-05-05,6.608679725482412
98,2010-05-06,7.953406008135724
99,2010-05-07,8.565788272006378
100,2010-05-08,9.844722532486536
101,2010-05-09,9.73947132429006
102,2010-05-10,7.928025560542102
103,2010-05-11,7.363526991690977
104,2010-05-12,10.207111514169528
105,2010-05-13,10.089135584397505
106,2010-05-14,10.683832532760452
107,2010-05-15,9.031317753142
108,2010-05-16,7.688212020097791
109,2010-05-17,6.900809105471684
110,2010-05-18,6.243153819547448
111,2010-05-19,6.978459111972343
112,2010-05-21,8.41215053987737
113,2010-05-22,9.037876978663233
114,2010-05-23,8.996572663791346
115,2010-05-24,7.620324957292441
116,2010-05-25,7.869944778201199
117,2010-05-26,7.897623769801119
118,2010-05-27,7.648145317192874
119,2010-05-28,6.898950186057403
120,2010-05-29,6.610099278158516
121,2010-05-30,6.141870922689079
122,2010-05-31,5.952251640170608
123,2010-06-01,5.891374341732669
124,2010-06-02,6.018144612119784
125,2010-06-03,6.051036934598
126,2010-06-04,7.080434365258844
127,2010-06-05,6.75588967371112
128,2010-06-06,7.125451050286202
129,2010-06-07,6.862046097493106
130,2010-06-08,6.722193914928759
131,2010-06-09,6.158892085844028
132,2010-06-10,5.84040078547693
133,2010-06-11,6.428544133542758
134,2010-06-12,6.487473108245437
135,2010-06-13,7.987726626138707
136,2010-06-14,8.918952195676649
137,2010-06-16,7.10983929117764
138,2010-06-17,6.945076508441606
139,2010-06-18,6.638542573985743
140,2010-06-19,6.061353080070865
141,2010-06-20,5.256832369888739
142,2010-06-21,5.807629195441858
143,2010-06-22,7.322151839213507
144,2010-06-23,6.155308229320822
145,2010-06-24,6.649514290888855
146,2010-06-25,6.745580387022941
147,2010-06-26,7.276703200588277
148,2010-06-27,6.864125333946938
149,2010-06-28,7.766770157730902
150,2010-06-29,7.661077309844327
151,2010-06-30,7.532182300180738
152,2010-07-01,6.923374342928478
153,2010-07-02,7.229972510631445
154,2010-07-03,7.231986222368808
155,2010-07-04,8.159271147405066
156,2010-07-05,7.748570419502946
157,2010-07-06,7.368172703540567
158,2010-07-07,6.880427342557969
159,2010-07-08,7.091401031757093
160,2010-07-09,10.137349588528524
161,2010-07-10,7.253072732823329
162,2010-07-11,6.487240049308529
163,2010-07-12,6.731389719455087
164,2010-07-13,6.924042317365149
165,2010-07-14,5.928948882244021
166,2010-07-15,6.455745146238775
167,2010-07-16,5.606086138944465
168,2010-07-17,5.25043564824435
169,2010-07-18,8.840792237684207
170,2010-07-19,6.273356569687276
171,2010-07-20,6.3789403173792225
172,2010-07-21,7.034889420813254
173,2010-07-22,6.436565040873711
174,2010-07-23,5.739206094674346
175,2010-07-24,6.2667746282766155
176,2010-07-25,7.106107312588879
177,2010-07-26,6.237999813878344
178,2010-07-27,5.925056670895194
179,2010-07-28,5.622229392581441
180,2010-07-29,5.454634840742709
181,2010-07-30,6.200744190900559
182,2010-07-31,5.987500286728236
183,2010-08-01,5.960941803187312
184,2010-08-02,5.695342550216729
185,2010-08-03,6.221224378738138
186,2010-08-04,6.142831950653407
187,2010-08-05,5.698125439459667
188,2010-08-06,5.268928855456785
189,2010-08-07,5.464547589762199
190,2010-08-08,5.803911819595344
191,2010-08-09,6.404984015248855
192,2010-08-10,6.496183761328174
193,2010-08-11,6.306204298007525
194,2010-08-12,6.867275588596524
195,2010-08-13,6.610428786996783
196,2010-08-14,7.114518755428204
197,2010-08-15,5.905869350847744
198,2010-08-16,6.8883677284110565
199,2010-08-17,5.928481815316576
200,2010-08-18,6.379967172552786
201,2010-08-19,9.013512187609916
202,2010-08-20,9.44005500769627
203,2010-08-21,10.451213492743156
204,2010-08-22,7.428641262283229
205,2010-08-23,6.500005696699441
206,2010-08-24,7.243282740863011
207,2010-08-25,7.284694195871716
208,2010-08-26,7.426929858116902
209,2010-08-27,7.10986911520582
210,2010-08-28,7.399386101922829
211,2010-08-29,7.2925430294375335
212,2010-08-30,6.507970718024849
213,2010-08-31,6.051329744711847
214,2010-09-01,5.7814200965548
215,2010-09-02,5.593511803102026
216,2010-09-03,5.6614215937936345
217,2010-09-04,5.8943063992622236
218,2010-09-05,5.869232719740474
219,2010-09-06,7.249938860377306
220,2010-09-07,6.679524953543866
221,2010-09-08,8.671350724505185
222,2010-09-09,4.6463410550967765
223,2010-09-10,4.626013162614252
224,2010-09-11,4.617511960135791
225,2010-09-12,4.742070590607509
226,2010-09-13,5.257692641707572
227,2010-09-14,5.286415721529842
228,2010-09-15,5.444093576482247
229,2010-09-16,5.5635088638506325
230,2010-09-17,6.649758299235283
231,2010-09-18,6.358376111516619
232,2010-09-19,6.393379635071863
233,2010-09-20,5.85299068573548
234,2010-09-21,5.95546552677814
235,2010-09-22,5.383895767807543
236,2010-09-23,6.159365864991384
237,2010-09-24,8.286828885349532
238,2010-09-25,8.820972018206891
239,2010-09-26,10.400770404839815
240,2010-09-27,11.292998395943737
241,2010-09-28,9.484181360941138
242,2010-09-29,10.416117311230522
243,2010-09-30,7.93774677783767
244,2010-10-01,10.441854955498378
245,2010-10-02,11.480727625047919
246,2010-10-03,11.700655007078916
247,2010-10-04,8.592779994148815
248,2010-10-05,6.794075337194051
249,2010-10-06,9.124633299466478
250,2010-10-07,5.758067251823203
251,2010-10-08,5.349019224276611
252,2010-10-09,5.742766942662108
253,2010-10-10,7.915263460712122
254,2010-10-11,8.755272176117247
255,2010-10-12,7.958132134124903
256,2010-10-13,8.254538837244635
257,2010-10-14,8.218929847175247
258,2010-10-15,6.609502319671401
259,2010-10-16,5.931989511698795
260,2010-10-17,7.078389178151835
261,2010-10-18,7.0792498371432115
262,2010-10-19,7.223645595284648
263,2010-10-20,8.688195369420217
264,2010-10-21,9.281663488306874
265,2010-10-22,8.67992288959594
266,2010-10-23,9.160739378294643
267,2010-10-24,11.272424359093874
268,2010-10-25,18.158665560298516
269,2010-10-26,18.083356814282908
270,2010-10-27,11.38008639363966
271,2010-10-28,9.919150466407938
272,2010-10-29,9.174294036171629
273,2010-10-30,8.368335011065389
274,2010-10-31,9.62058043924782
275,2010-11-01,10.854428665205146
276,2010-11-02,26.448402434139965
277,2010-11-03,21.103056770609005
278,2010-11-04,14.363778728571857
279,2010-11-05,9.345198251480097
280,2010-11-06,9.032755868593652
281,2010-11-07,7.4736546223425115
282,2010-11-08,7.23350173970979
283,2010-11-09,7.6518012764040675
284,2010-11-10,8.532849433678145
285,2010-11-11,13.581100857641001
286,2010-11-12,11.127024816344667
287,2010-11-13,11.91670727456453
288,2010-11-14,8.928068571820797
289,2010-11-15,7.019351453534347
290,2010-11-16,7.7837437352534
291,2010-11-17,8.492617838589997
292,2010-11-18,9.278258631040035
293,2010-11-19,11.511629454470341
294,2010-11-20,11.956626476274646
295,2010-11-21,8.307782035767687
296,2010-11-22,7.823741992083418
297,2010-11-23,11.748714711836072
298,2010-11-24,9.075510532242282
299,2010-11-25,6.797289263104133
300,2010-11-26,7.176522057445206
301,2010-11-27,5.960338901643655
302,2010-11-28,7.021192232124585
303,2010-11-29,6.578092984170005
304,2010-11-30,7.148392781111267
305,2010-12-01,7.253903823060964
306,2010-12-02,8.39355172191926
307,2010-12-03,7.992026792171687
308,2010-12-04,8.206651642673773
309,2010-12-05,8.81645040983896
310,2010-12-06,6.350276799409714
311,2010-12-07,5.719522002393126
312,2010-12-08,7.935273931239565
313,2010-12-09,10.272131859399884
314,2010-12-10,9.065073383122131
315,2010-12-11,8.24986680683347
316,2010-12-12,6.915935621071926
317,2010-12-13,6.633260975591308
318,2010-12-14,8.182353658063287
319,2010-12-15,9.898993612939215
320,2010-12-16,9.115672116339606
321,2010-12-17,7.399327806067826
322,2010-12-18,6.468057179984491
323,2010-12-19,7.689210188866492
324,2010-12-20,7.532164397680817
325,2010-12-21,7.767838042458939
326,2010-12-22,8.928299808902066
327,2010-12-23,7.372884158347112
328,2010-12-24,7.173669945430557
329,2010-12-25,8.681471009289371
330,2010-12-26,7.980956479051202
331,2010-12-27,7.2037169241717915
332,2010-12-28,7.142512862834532
333,2010-12-29,8.914584181962628
334,2010-12-30,9.659679296590745
335,2010-12-31,8.69332492416213
336,2011-01-01,8.23533117371923
337,2011-01-02,13.253436701892287
338,2011-01-03,10.170590565235003
339,2011-01-04,12.085211146031874
340,2011-01-05,13.343935537849974
341,2011-01-06,13.662503471138916
342,2011-01-07,13.72531832877705
343,2011-01-08,9.452954556636945
344,2011-01-09,8.704910772302558
345,2011-01-10,11.231216172153085
346,2011-01-11,9.833323710382457
347,2011-01-12,7.800564957296696
348,2011-01-13,6.5272150777436595
349,2011-01-14,6.375902530055932
350,2011-01-15,9.114300098856909
351,2011-01-16,11.016164020269226
352,2011-01-17,9.882009039943167
353,2011-01-18,13.969976024940138
354,2011-01-19,17.759729451188914
355,2011-01-20,14.396782805158692
356,2011-01-21,16.91931181458253
357,2011-01-22,15.068200670011507
358,2011-01-23,12.996439826629734
359,2011-01-24,10.540198827135514
360,2011-01-25,8.760604235560848
361,2011-01-26,9.826140574345514
362,2011-01-27,14.188742684050608
363,2011-01-28,15.236363372446162
364,2011-01-29,9.056976875271252
365,2011-01-30,10.751999567409614
366,2011-01-31,11.375329111299276
367,2011-02-01,9.463206529486785
368,2011-02-02,8.584765057037265
369,2011-02-03,9.100573102366038
370,2011-02-04,10.008841029456724
371,2011-02-05,10.730744400072796
372,2011-02-06,7.871007699118217
373,2011-02-07,8.942087319438912
374,2011-02-08,11.263575250313806
375,2011-02-09,9.543436231880786
376,2011-02-10,8.799342557581664
377,2011-02-11,8.874173692602634
378,2011-02-12,7.8174396852203065
379,2011-02-13,8.52539265480429
380,2011-02-14,8.527548051627479
381,2011-02-15,8.125333079025745
382,2011-02-16,8.221852256952952
383,2011-02-17,8.971825959880933
384,2011-02-18,7.059805277806545
385,2011-02-19,8.849583353439163
386,2011-02-20,8.107375316449247
387,2011-02-21,6.6133410570002615
388,2011-02-22,5.902380829220264
389,2011-02-23,6.92775975383229
390,2011-02-24,8.077739360788854
391,2011-02-25,7.690415047746391
392,2011-02-26,7.598340123918259
393,2011-02-27,7.9606804621476295
394,2011-02-28,8.29889047778899
395,2011-03-01,7.406260008099182
396,2011-03-02,6.520272769635856
397,2011-03-03,8.201562765369916
398,2011-03-04,6.353955493451951
399,2011-03-05,6.278121002208938
400,2011-03-06,7.2169665768931885
401,2011-03-07,6.8665784701808565
402,2011-03-08,6.2843578937193705
403,2011-03-09,8.005166959803114
404,2011-03-10,6.707859325953952
405,2011-03-11,220.91832076458127
406,2011-03-12,85.0164751870947
407,2011-03-13,45.35812461909206
408,2011-03-14,21.13796399899964
409,2011-03-15,16.59405703158097
410,2011-03-16,11.436569549501744
411,2011-03-17,12.482142163269916
412,2011-03-18,9.303707566215698
413,2011-03-19,12.378198040096171
414,2011-03-20,19.135295172431466
415,2011-03-21,11.052757680014322
416,2011-03-22,13.043694792504068
417,2011-03-23,10.918730686652161
418,2011-03-24,8.718356761812672
419,2011-03-25,9.863664178032032
420,2011-03-26,8.008317041163437
421,2011-03-27,7.786526658028553
422,2011-03-28,7.145229452984017
423,2011-03-29,9.249295952592934
424,2011-03-30,7.682374684852387
425,2011-03-31,7.921987274785391
426,2011-04-01,9.14669520036139
427,2011-04-02,9.98401830406836
428,2011-04-03,8.977042718177767
429,2011-04-04,8.896072470203997
430,2011-04-05,9.239470130660166
431,2011-04-06,14.17109695321574
432,2011-04-07,18.447326676762525
433,2011-04-08,13.042782292735206
434,2011-04-09,9.826145681793669
435,2011-04-10,7.680956410861976
436,2011-04-11,6.793964526244242
437,2011-04-12,6.4393739053085195
438,2011-04-13,5.913481433954333
439,2011-04-14,5.499549202209164
440,2011-04-15,5.536652975610013
441,2011-04-16,5.254518100311926
442,2011-04-17,5.006278504756221
443,2011-04-18,6.485377305294212
444,2011-04-19,5.378443665876197
445,2011-04-20,5.970005823212909
446,2011-04-21,6.083389941124302
447,2011-04-22,6.13764425192021
448,2011-04-23,7.306859460940468
449,2011-04-24,8.414981496569867
450,2011-04-25,7.275544773584406
451,2011-04-26,7.409117867295177
452,2011-04-27,7.51533615878196
453,2011-04-28,5.846185563210037
454,2011-04-29,5.6927531401252685
455,2011-04-30,5.864596446393487
456,2011-05-01,5.244590958189647
457,2011-05-02,5.5948080495164145
458,2011-05-03,5.714641001712143
459,2011-05-04,6.138426386917754
460,2011-05-05,6.87771271588908
461,2011-05-06,5.585570318663253
462,2011-06-23,8.392653016362221
463,2011-06-25,8.167196358553678
464,2011-06-26,7.612486339509914
465,2011-06-27,9.362431785846482
466,2011-07-02,8.357901369349426
467,2011-07-03,7.200827319667453
468,2011-07-04,8.608580269606042
469,2011-07-05,12.593419017876618
470,2011-07-06,8.50228626586838
471,2011-07-11,8.90589032932967
472,2011-07-14,8.601883984313051
473,2011-07-17,8.052044932055313
474,2011-07-18,8.70900417608835
475,2011-07-19,8.537845967678905
476,2011-07-21,7.394626617983912
477,2011-07-22,7.065264286188518
478,2011-07-23,7.959182752971788
479,2011-07-24,6.705974484209597
480,2011-07-25,6.358047622054884
481,2011-07-26,6.9695904986325585
482,2011-07-27,7.922777065197037
483,2011-07-28,8.885358641791674
484,2011-07-29,7.956130202159821
485,2011-07-30,7.562281403457121
486,2011-07-31,6.475808805875864
487,2011-08-01,6.2588757387387455
488,2011-08-03,6.2338080336076755
489,2011-08-04,6.29845334694709
490,2011-08-05,6.293197931628997
491,2011-08-06,6.293799037553059
492,2011-08-07,6.981614833548185
493,2011-08-08,7.000472122351037
494,2011-08-09,6.214409683237709
495,2011-08-10,6.247850859662123
496,2011-08-11,9.113701369938557
497,2011-08-12,10.620958048070019
498,2011-08-13,11.147341636224418
499,2011-08-14,8.874752449773451
500,2011-08-15,7.593546311688661
501,2011-08-16,7.131798399834278
502,2011-08-17,6.7013548409572055
503,2011-08-18,6.65493353245314
504,2011-08-19,7.644224746962699
505,2011-08-20,6.691641950244733
506,2011-08-21,7.443120711092699
507,2011-08-22,6.819711600298499
508,2011-08-23,6.416661218155138
509,2011-08-24,7.352096591678648
510,2011-08-25,6.725891206873555
511,2011-08-26,7.290277422074618
512,2011-08-27,9.43848998500398
513,2011-08-29,7.028662640014122
514,2011-08-30,6.936686202771106
515,2011-08-31,7.216601521775457
516,2011-09-01,9.19601413463303
517,2011-09-02,10.350872783342869
518,2011-09-03,9.339809361791717
519,2011-09-04,9.309156120859729
520,2011-09-05,7.372073762394341
521,2011-09-06,9.333795241986966
522,2011-09-07,8.642583631602344
523,2011-09-08,7.210854731026756
524,2011-09-09,6.496266162721059
525,2011-09-10,5.776525769469605
526,2011-09-11,5.989227169068434
527,2011-09-12,5.347293625030982
528,2011-09-13,5.5985983728888895
529,2011-09-14,6.2661159587493875
530,2011-09-15,5.549851156856306
531,2011-09-16,5.692323211951926
532,2011-09-17,6.16522147765199
533,2011-09-18,6.256402219216859
534,2011-09-19,8.150001573450309
535,2011-09-20,8.71858036035525
536,2011-09-21,8.313675891858177
537,2011-09-22,12.316941027385235
538,2011-09-23,9.649759246957831
539,2011-09-24,7.335863352984242
540,2011-09-25,6.615150189796701
541,2011-09-26,6.820799501787823
542,2011-09-27,10.030340442421076
543,2011-09-28,12.192793408579648
544,2011-09-29,7.880508101016847
545,2011-09-30,6.938124775750256
546,2011-10-01,6.260621024003959
547,2011-10-02,7.535881902034083
548,2011-10-03,7.115110921720839
549,2011-10-04,8.951839193595873
550,2011-10-05,5.980454933754776
551,2011-10-06,7.3305961278076515
552,2011-10-07,10.742570166265825
553,2011-10-08,5.986565752462739
554,2011-10-09,7.848466237221555
555,2011-10-10,10.154583248203604
556,2011-10-11,8.023570573128342
557,2011-10-12,14.300040391166458
558,2011-10-13,10.785416931449644
559,2011-10-14,9.209979572542341
560,2011-10-15,6.99738642951026
561,2011-10-16,6.463329119568902
562,2011-10-17,6.033147356950742
563,2011-10-18,5.829234978201549
564,2011-10-19,5.90984396112715
565,2011-10-20,5.587199946870401
566,2011-10-21,6.04160177531538
567,2011-10-22,7.0754097683972095
568,2011-10-23,6.809358221399779
569,2011-10-24,7.599532298070169
570,2011-10-25,9.43309934459689
571,2011-10-26,10.983787750901604
572,2011-10-27,10.728569842843152
573,2011-10-28,8.547005608938118
574,2011-10-29,7.4652290938411605
575,2011-10-30,7.216052870036646
576,2011-10-31,8.915907118644974
577,2011-11-01,9.56107183453563
578,2011-11-02,10.339567788998037
579,2011-11-03,11.939849499510476
580,2011-11-04,12.642907410605305
581,2011-11-05,9.538292778159686
582,2011-11-06,8.238175212104561
583,2011-11-07,8.782584129785917
584,2011-11-08,8.251260951340702
585,2011-11-09,8.930999844472838
586,2011-11-10,8.054214634287558
587,2011-11-11,11.963541075908235
588,2011-11-12,10.413201356134273
589,2011-11-13,12.299742141811999
590,2011-11-14,11.81597304187036
591,2011-11-15,9.224279025858822
592,2011-11-16,8.628510879058314
593,2011-11-17,8.86205468024151
594,2011-11-18,13.742003544515224
595,2011-11-19,14.209297948175736
596,2011-11-20,9.278626082136851
597,2011-11-21,7.137925221391087
598,2011-11-22,8.009251137067427
599,2011-11-23,8.430104639825439
600,2011-11-24,8.713670328351268
601,2011-11-25,11.050993308426373
602,2011-11-26,10.644500401652056
603,2011-11-27,9.28474673971775
604,2011-11-28,8.326589094505524
605,2011-11-29,8.586732245441446
606,2011-11-30,11.92892490597109
607,2011-12-01,10.588111864717176
608,2011-12-02,9.901001665199491
609,2011-12-03,11.22724151448909
610,2011-12-04,8.071441930476208
611,2011-12-05,7.257687806888849
612,2011-12-06,8.573116481367055
613,2011-12-07,11.178196601793633
614,2011-12-08,8.472380497582161
615,2011-12-09,8.428781602250892
616,2011-12-10,11.389826510336137
617,2011-12-11,10.790836875267459
618,2011-12-12,10.999011620225664
619,2011-12-13,14.336870045174882
620,2011-12-14,10.496575362776161
621,2011-12-15,14.943654825357568
622,2011-12-16,9.985638207030282
623,2011-12-17,11.926721663258558
624,2011-12-18,14.40830863548505
625,2011-12-19,11.066234875967401
626,2011-12-20,10.328925951388593
627,2011-12-21,11.68901395890393
628,2011-12-22,8.872025816268518
629,2011-12-23,9.158928436490447
630,2011-12-24,16.942917584152248
631,2011-12-25,10.446821898688022
632,2011-12-26,10.82196782363121
633,2011-12-27,10.669231704077625
634,2011-12-28,8.697752104991782
635,2011-12-29,8.438581297362855
636,2011-12-30,8.880736719750358
637,2011-12-31,8.704348699956194
638,2012-01-01,7.232951462105189
639,2012-01-02,8.292483132243976
640,2012-01-03,9.763185900639938
641,2012-01-04,10.844907885295886
642,2012-01-05,10.826893395067083
643,2012-01-06,14.73163710403414
644,2012-01-07,11.721428487357084
645,2012-01-08,8.403341385072444
646,2012-01-09,10.800384380785589
647,2012-01-10,16.103134450721964
648,2012-01-11,12.022879739655023
649,2012-01-12,8.971320121803558
650,2012-01-13,10.87092714107641
651,2012-01-14,10.589123319399226
652,2012-01-15,10.09575589630877
653,2012-01-16,10.973569465168797
654,2012-01-17,9.806069124038975
655,2012-01-18,9.638851543370283
656,2012-01-19,11.6636256167897
657,2012-01-20,9.552847642978401
658,2012-01-21,8.179155285563313
659,2012-01-22,14.935288720004756
660,2012-01-23,13.173891632680887
661,2012-01-24,9.447219174875363
662,2012-01-25,9.34219889883737
663,2012-01-26,18.656083714294375
664,2012-01-27,12.291604546147086
665,2012-01-28,9.92265628778121
666,2012-01-29,9.692016074691898
667,2012-01-30,10.678297948894475
668,2012-01-31,8.98869501703891
669,2012-02-01,9.552446993656899
670,2012-02-02,12.172151950909267
671,2012-02-03,10.139305361440814
672,2012-02-04,16.816296511463857
673,2012-02-05,12.485812414166087
674,2012-02-06,9.190180564748191
675,2012-02-07,7.747693211466606
676,2012-02-08,11.00105708261415
677,2012-02-09,10.838274506590055
678,2012-02-10,12.77535851130414
679,2012-02-11,9.66199171207051
680,2012-02-12,10.103876812090299
681,2012-02-13,11.127565718100543
682,2012-02-14,13.273282900726334
683,2012-02-15,18.258572058580622
684,2012-02-16,11.831566420291463
685,2012-02-17,11.371743982094365
686,2012-02-18,11.108186057094352
687,2012-02-19,11.302020093963725
688,2012-02-20,7.4935445532146
689,2012-02-21,9.44373337180561
690,2012-02-22,10.327441746773529
691,2012-02-23,10.177351635616333
692,2012-02-24,9.63361953534756
693,2012-02-25,9.12679466996872
694,2012-02-26,14.348748147962423
695,2012-02-27,8.583968103510186
696,2012-02-28,8.23761376555785
697,2012-02-29,10.52883529117128
698,2012-03-01,13.399614975870794
699,2012-03-02,9.986342854931744
700,2012-03-03,8.01094066293218
701,2012-03-04,8.152748530772719
702,2012-03-05,9.250064509322472
703,2012-03-06,9.371992605002719
704,2012-03-07,7.982836071770331
705,2012-03-08,7.010807816632175
706,2012-03-09,7.940199510592337
707,2012-03-10,9.170294085394355
708,2012-03-11,8.365183158751172
709,2012-03-12,9.133798227266848
710,2012-03-13,9.740101106704065
711,2012-03-14,8.231349503960853
712,2012-03-15,6.732239846985473
713,2012-03-16,7.730184764103872
714,2012-03-17,7.796922816915946
715,2012-03-18,7.947268261721424
716,2012-03-19,7.485908756131264
717,2012-03-20,8.111747776666421
718,2012-03-21,13.73711122432202
719,2012-03-22,10.460110544778315
720,2012-03-23,7.216119806810058
721,2012-03-24,6.423227689559458
722,2012-03-25,7.2954275411324385
723,2012-03-26,6.894525967944531
724,2012-03-27,7.141913863494324
725,2012-03-28,7.9807680004938675
726,2012-03-29,7.996759275591763
727,2012-03-30,12.090950710304591
728,2012-03-31,10.311328720343772
729,2012-04-01,11.618096255066892
730,2012-04-02,11.144787767816016
731,2012-04-03,14.500230355382847
732,2012-04-04,11.807806563577275
733,2012-04-05,8.183590717388999
734,2012-04-06,7.303882584109316
735,2012-04-07,6.319777076078379
736,2012-04-08,6.55146231341045
737,2012-04-09,6.793957319574825
738,2012-04-10,6.422544029986536
739,2012-04-11,8.125847595267384
740,2012-04-12,7.748035544130298
741,2012-04-13,10.601237028958222
742,2012-04-14,10.570864775310485
743,2012-04-15,8.193163232561128
744,2012-04-16,7.855293605221651
745,2012-04-17,8.985905329206398
746,2012-04-18,7.1285644593524635
747,2012-04-19,8.26868887650594
748,2012-04-20,6.978108834255937
749,2012-04-21,7.449345651084014
750,2012-04-22,6.304019037522755
751,2012-04-23,6.013798325537129
752,2012-04-24,5.656520256709583
753,2012-04-25,5.622428824797555
754,2012-04-26,5.908466157371667
755,2012-04-27,7.6628089644057065
756,2012-04-28,6.337678190832745
757,2012-04-29,5.661006956205139
758,2012-04-30,6.313405930057463
759,2012-05-01,7.319413620211197
760,2012-05-02,7.878314718730398
761,2012-05-03,8.63235514007586
762,2012-05-04,7.83049733791801
763,2012-05-05,7.122763789188424
764,2012-05-06,6.8879210009764344
765,2012-05-07,6.270717213801009
766,2012-05-08,6.031531114228745
767,2012-05-09,5.373967870586812
768,2012-05-10,6.108626772197163
769,2012-05-11,6.051257006882411
770,2012-05-12,6.24365115961061
771,2012-05-13,6.573682837132143
772,2012-05-14,6.520476903129594
773,2012-05-15,6.570984371311081
774,2012-05-16,6.709476347174671
775,2012-05-17,7.386554467974929
776,2012-05-18,6.71632920301635
777,2012-05-19,6.844867940209763
778,2012-05-20,6.562171887007027
779,2012-05-21,6.293248109701761
780,2012-05-22,6.161172879630642
781,2012-05-23,6.1056881815574044
782,2012-05-24,6.431291887911292
783,2012-05-25,6.1231408218610985
784,2012-05-26,6.287730975793085
785,2012-05-27,5.851183852184296
786,2012-05-28,6.085790022671711
787,2012-05-29,6.505808982424186
788,2012-05-30,6.52296582431613
789,2012-05-31,6.0525085373982215
790,2012-06-01,6.408990976441046
791,2012-06-02,7.285398698312168
792,2012-06-03,6.270470126628501
793,2012-06-04,6.1673841115001915
794,2012-06-05,6.920415790054824
795,2012-06-06,7.245433712118376
796,2012-06-07,7.921324706860794
797,2012-06-08,7.680146884340744
798,2012-06-09,7.831284912798294
799,2012-06-10,6.63655123653225
800,2012-06-11,6.549113294839811
801,2012-06-12,6.343850370157457
802,2012-06-13,6.145363957544713
803,2012-06-14,6.399194383379971
804,2012-06-15,7.717866582211309
805,2012-06-16,6.726757183892798
806,2012-06-17,6.08136933244798
807,2012-06-18,6.425861375221152
808,2012-06-19,6.835471023105944
809,2012-06-20,6.523281991898529
810,2012-06-21,6.08675201047452
811,2012-06-22,6.834038125109196
812,2012-06-23,7.4358713918733566
813,2012-06-24,7.351589570104916
814,2012-06-25,7.490122215242237
815,2012-06-26,7.004852200232256
816,2012-06-27,7.088246155962848
817,2012-06-28,8.745632280814212
818,2012-06-29,6.958734064269697
819,2012-06-30,6.777918618006902
820,2012-07-01,7.944079455462462
821,2012-07-02,6.676799183795637
822,2012-07-03,7.833557992491625
823,2012-07-04,7.312916158887491
824,2012-07-05,7.267329069488578
825,2012-07-06,6.585194913668857
826,2012-07-07,6.417643034770111
827,2012-07-08,5.816372409897097
828,2012-07-09,5.665976982083963
829,2012-07-10,5.762820102972176
830,2012-07-11,5.628071802872209
831,2012-07-12,5.765248505370308
832,2012-07-13,5.954780287027553
833,2012-07-14,6.07864831730291
834,2012-07-15,6.3283721014773615
835,2012-07-16,6.063628073205469
836,2012-07-17,6.507902250876171
837,2012-07-18,6.313657813496476
838,2012-07-19,6.1287831591103075
839,2012-07-20,5.837122871254263
840,2012-07-21,5.580374717665872
841,2012-07-22,5.945787173178737
842,2012-07-23,6.143788397374147
843,2012-07-24,6.410942112779939
844,2012-07-25,5.989557735601371
845,2012-07-26,5.972039746922283
846,2012-07-27,6.149410682017114
847,2012-07-28,6.309561153186767
848,2012-07-29,6.467567036062232
849,2012-07-30,6.744195484396729
850,2012-07-31,6.8038341503812445
851,2012-08-01,6.092771676540837
852,2012-08-02,7.365121991700972
853,2012-08-03,7.545002791224318
854,2012-08-04,9.262426169754043
855,2012-08-05,7.84987817125268
856,2012-08-06,7.3933614488251145
857,2012-08-07,6.167061518663522
858,2012-08-08,5.724524174446104
859,2012-08-09,5.526267016053915
860,2012-08-10,8.545104182161667
861,2012-08-11,6.034606744181332
862,2012-08-12,6.269385358642508
863,2012-08-13,7.6647539888022385
864,2012-08-14,8.264160000834627
865,2012-08-15,9.784936306470241
866,2012-08-16,8.594527017625458
867,2012-08-17,8.30120064970003
868,2012-08-18,7.1652344133354475
869,2012-08-19,6.505487676133322
870,2012-08-20,5.139231664047468
871,2012-08-21,5.500938698946712
872,2012-08-22,5.488047014787376
873,2012-08-23,8.332814745941342
874,2012-08-24,6.258785985879285
875,2012-08-25,6.179534278625361
876,2012-08-26,6.628721864860023
877,2012-08-27,6.491322080685748
878,2012-08-28,7.165968523771867
879,2012-08-29,5.829699559337497
880,2012-08-30,5.868564953334587
881,2012-08-31,6.740774247392039
882,2012-09-01,8.68519235292807
883,2012-09-02,7.830930898977839
884,2012-09-03,7.321407940317109
885,2012-09-04,7.569722905177845
886,2012-09-05,6.914033269966717
887,2012-09-06,5.79459611261955
888,2012-09-07,6.368031940606202
889,2012-09-08,7.407218331598039
890,2012-09-09,7.305740629381748
891,2012-09-10,6.423391434735218
892,2012-09-11,6.739498986011633
893,2012-09-12,6.733238762065641
894,2012-09-13,5.8451043681088555
895,2012-09-14,5.596253885683987
896,2012-09-15,5.902204991871784
897,2012-09-16,6.649293323364961
898,2012-09-17,7.86089569610329
899,2012-09-18,6.635661695470773
900,2012-09-19,5.607097439231754
901,2012-09-20,5.561019169515436
902,2012-09-21,5.8440510700702655
903,2012-09-22,6.202424317278805
904,2012-09-23,6.351735897323125
905,2012-09-24,9.074074436979254
906,2012-09-25,9.128110849956022
907,2012-09-26,7.677694675806357
908,2012-09-27,9.592190889293905
909,2012-09-28,10.567996671030272
910,2012-09-29,9.22345973642962
911,2012-09-30,8.35604780542841
912,2012-10-01,7.201575696723139
913,2012-10-02,9.467244630432972
914,2012-10-03,8.118901885679406
915,2012-10-04,7.229932549533159
916,2012-10-05,7.303831943370775
917,2012-10-06,7.595159416017498
918,2012-10-07,7.7878747496745815
919,2012-10-08,8.859137411417976
920,2012-10-09,9.644454779685725
921,2012-10-10,9.775763886493001
922,2012-10-11,7.512537378521998
923,2012-10-12,6.837372243672761
924,2012-10-13,5.899479194046338
925,2012-10-14,6.379435451671484
926,2012-10-15,7.559736837203975
927,2012-10-16,8.353065447876583
928,2012-10-17,8.348138682990355
929,2012-10-18,7.996502502386366
930,2012-10-19,7.15958142691033
931,2012-10-20,5.410289920530477
932,2012-10-21,5.679820254670507
933,2012-10-22,5.686574185883682
934,2012-10-23,6.597171468814976
935,2012-10-24,7.806720891476907
936,2012-10-25,6.9778685045939906
937,2012-10-26,9.030279813476357
938,2012-10-27,9.784895764932726
939,2012-10-28,34.23399194915313
940,2012-10-29,10.672231452417027
941,2012-10-30,7.142366195970453
942,2012-10-31,5.908245590621968
943,2012-11-01,6.8444717670941175
944,2012-11-02,7.170795260290806
945,2012-11-03,10.21003480547481
946,2012-11-04,11.871292147103743
947,2012-11-05,12.52503397363251
948,2012-11-06,11.355114019487717
949,2012-11-07,8.384142557484372
950,2012-11-08,8.29101802133895
951,2012-11-09,8.610839127290168
952,2012-11-10,7.981508857137988
953,2012-11-11,6.512729701327537
954,2012-11-12,6.050766831431506
955,2012-11-13,8.241462501827026
956,2012-11-14,9.59315087057476
957,2012-11-15,6.806758385410849
958,2012-11-16,7.796509550907969
959,2012-11-17,10.58032304209263
960,2012-11-18,9.415966813437018
961,2012-11-19,9.75428551715881
962,2012-11-20,7.9082208303368535
963,2012-11-21,7.567068643668833
964,2012-11-22,8.883486060905456
965,2012-11-23,10.726785103172562
966,2012-11-24,11.523397247557572
967,2012-11-25,9.043791765114301
968,2012-11-26,7.188660794097359
969,2012-11-27,7.171721583835432
970,2012-11-28,7.496874482002118
971,2012-11-29,8.367838750626849
972,2012-11-30,9.417213166223098
973,2012-12-01,9.483030276363367
974,2012-12-02,10.606210701276904
975,2012-12-03,8.47780835805377
976,2012-12-04,8.03235321030002
977,2012-12-05,7.3085399339894375
978,2012-12-06,7.679964625663602
979,2012-12-07,8.160212921368409
980,2012-12-08,8.943227553380455
981,2012-12-09,16.515800576516636
982,2012-12-10,9.066092477020572
983,2012-12-11,10.622165012187464
984,2012-12-12,9.765082628723308
985,2012-12-13,9.747518786495256
986,2012-12-14,7.608282379282006
987,2012-12-15,6.642852604589663
988,2012-12-16,6.94990933091002
989,2012-12-17,9.198256111882452
990,2012-12-18,12.479033916178679
991,2012-12-19,11.746995851718863
992,2012-12-20,12.103000548119367
993,2012-12-21,18.764238462596207
994,2012-12-22,13.018668705138092
995,2012-12-23,9.157895605943372
996,2012-12-24,7.811275406670062
997,2012-12-25,8.122414539630112
998,2012-12-26,8.92570943803457
999,2012-12-27,11.717525036262364
1000,2012-12-28,13.699523475658765
1001,2012-12-29,19.806737568359367
1002,2012-12-30,13.972672470940651
1003,2012-12-31,14.702298082649254
1004,2013-01-01,14.013856548032367
1005,2013-01-02,11.819813360231871
1006,2013-01-03,9.391075278075613
1007,2013-01-04,7.61477537103827
1008,2013-01-05,15.472574444931459
1009,2013-01-06,8.680666842179551
1010,2013-01-07,8.771193837198771
1011,2013-01-08,10.349683936190265
1012,2013-01-09,9.330065631480881
1013,2013-01-10,9.773824794616493
1014,2013-01-11,10.93063360820433
1015,2013-01-12,9.6229561157415
1016,2013-01-13,9.131144005825231
1017,2013-01-14,8.568025045497278
1018,2013-01-15,9.009424582249398
1019,2013-01-16,8.643021472815667
1020,2013-01-17,11.774095746970376
1021,2013-01-18,12.393668611709153
1022,2013-01-19,12.690982700391993
1023,2013-01-20,15.949681546262546
1024,2013-01-21,12.682298525597167
1025,2013-01-22,8.885589774248965
1026,2013-01-23,9.814408036672988
1027,2013-01-24,11.64081093304643
1028,2013-01-25,9.116178094265308
1029,2013-01-26,10.347978035911924
1030,2013-01-27,10.623107891493484
1031,2013-01-28,10.310472023974931
1032,2013-01-29,9.371533361706124
1033,2013-01-30,8.365871103598327
1034,2013-01-31,7.882409810049986
1035,2013-02-01,7.387150379427339
1036,2013-02-02,6.913480478458878
1037,2013-02-03,16.735900891705523
1038,2013-02-04,11.175094107330176
1039,2013-02-05,8.494437149530873
1040,2013-02-06,18.413982838742623
1041,2013-02-07,13.657437953863665
1042,2013-02-08,10.771317752903952
1043,2013-02-09,8.948763319140621
1044,2013-02-10,11.27670159892263
1045,2013-02-11,12.093503346589227
1046,2013-02-12,13.150989040504419
1047,2013-02-13,8.200842959953908
1048,2013-02-14,7.605909569119444
1049,2013-02-15,8.602563409615426
1050,2013-02-16,9.908059311595373
1051,2013-02-17,11.74159854239307
1052,2013-02-18,9.941281100796854
1053,2013-02-19,11.384528859522634
1054,2013-02-20,10.972346636666552
1055,2013-02-21,12.146034283039224
1056,2013-02-22,13.585088433610878
1057,2013-02-23,17.331452194919255
1058,2013-02-24,15.332089993409026
1059,2013-02-25,9.362889175984865
1060,2013-02-26,11.957970157787502
1061,2013-02-27,12.19900919911129
1062,2013-02-28,16.494743715286646
1063,2013-03-01,9.5591280503845
1064,2013-03-02,14.260755859673651
1065,2013-03-03,11.838010540070982
1066,2013-03-04,9.659888217730233
1067,2013-03-05,10.149159378601805
1068,2013-03-06,10.17648733136849
1069,2013-03-07,9.519391995894985
1070,2013-03-08,9.140125509734274
1071,2013-03-09,7.881935043090565
1072,2013-03-10,8.326717480923552
1073,2013-03-11,8.062886544628764
1074,2013-03-12,6.767218031621107
1075,2013-03-13,5.842732127429019
1076,2013-03-14,5.8379679167913
1077,2013-03-15,6.020526541141116
1078,2013-03-16,5.574922532355086
1079,2013-03-17,5.648265490045741
1080,2013-03-18,5.533963084090057
1081,2013-03-19,5.444790324535876
1082,2013-03-20,6.921000356273845
1083,2013-03-21,8.339535487289718
1084,2013-03-22,8.060518872767938
1085,2013-03-23,7.952036490952979
1086,2013-03-24,7.183167580419885
1087,2013-03-25,6.589793903982566
1088,2013-03-26,5.982147372961666
1089,2013-03-27,6.631584725846622
1090,2013-03-28,6.049700613109192
1091,2013-03-29,5.7559311206531225
1092,2013-03-30,5.805423014390722
1093,2013-03-31,6.165542236457455
1094,2013-04-01,7.442852509413958
1095,2013-04-02,6.555852719190438
1096,2013-04-03,8.08064112334711
1097,2013-04-04,7.951302448585712
1098,2013-04-05,7.958853985000393
1099,2013-04-06,13.022865676643972
1100,2013-04-07,11.498990609423743
1101,2013-04-08,9.11314670051292
1102,2013-04-09,8.318728160437368
1103,2013-04-10,7.659806934065839
1104,2013-04-11,8.422979850056954
1105,2013-04-12,8.182486656135103
1106,2013-04-13,7.588601659954507
1107,2013-04-14,9.86436899537392
1108,2013-04-15,9.342194399469863
1109,2013-04-16,6.887544607582765
1110,2013-04-17,6.417162908757621
1111,2013-04-18,7.239053845950174
1112,2013-04-19,6.398661090819158
1113,2013-04-20,6.1355882265479575
1114,2013-04-21,5.598242131103105
1115,2013-04-22,6.221375864480866
1116,2013-04-23,6.014776624663579
1117,2013-04-24,5.582250434607263
1118,2013-04-25,5.9101019958498995
1119,2013-04-26,5.90756815977349
1120,2013-04-27,5.791003528527904
1121,2013-04-28,5.310868774829057
1122,2013-04-29,6.020657295068301
1123,2013-04-30,6.817274000927472
1124,2013-05-01,7.315663003002407
1125,2013-05-02,7.394081613774133
1126,2013-05-03,6.536559969402072
1127,2013-05-04,5.846341583612811
1128,2013-05-05,5.00026421891937
1129,2013-05-06,5.634706007469523
1130,2013-05-07,4.836135889711461
1131,2013-05-08,5.131028236645236
1132,2013-05-09,5.242962628183004
1133,2013-05-10,5.716814973661425
1134,2013-05-11,5.694273634308023
1135,2013-05-12,5.920720970382714
1136,2013-05-13,6.456156783805256
1137,2013-05-14,7.2113707115088825
1138,2013-05-15,7.1584189605461646
1139,2013-05-16,6.502590563308858
1140,2013-05-17,5.99431391901197
1141,2013-05-18,6.061600071201663
1142,2013-05-19,5.866557474247191
1143,2013-05-20,6.91238420782807
1144,2013-05-21,7.762627454878834
1145,2013-05-22,7.1971742351505235
1146,2013-05-23,7.500201934442673
1147,2013-05-24,9.83760395139732
1148,2013-05-25,7.282456237401205
1149,2013-05-26,6.6005239027502425
1150,2013-05-27,6.180542283728442
1151,2013-05-28,5.844722181593967
1152,2013-05-29,6.762006931631405
1153,2013-05-30,7.09042837204334
1154,2013-05-31,6.200936058887655
1155,2013-06-01,6.123327184878613
1156,2013-06-02,7.580262612439152
1157,2013-06-03,6.9982205575749985
1158,2013-06-04,6.507982657811247
1159,2013-06-05,5.749754376957766
1160,2013-06-06,6.748865839856141
1161,2013-06-07,9.547143892401886
1162,2013-06-08,11.647349297759126
1163,2013-06-09,9.94873273436166
1164,2013-06-10,6.959119240345594
1165,2013-06-11,6.181415398555431
1166,2013-06-12,6.189093487134914
1167,2013-06-13,6.003582218725171
1168,2013-06-14,6.10950890347754
1169,2013-06-15,5.834850226967049
1170,2013-06-16,5.61488221204626
1171,2013-06-17,5.594350686851387
1172,2013-06-18,6.486954085467562
1173,2013-06-19,6.708179170187668
1174,2013-06-20,6.729733834000577
1175,2013-06-21,7.5370713900761865
1176,2013-06-22,8.194230283493452
1177,2013-06-23,6.940493612197157
1178,2013-06-24,6.4325697768516825
1179,2013-06-25,5.9873646170146095
1180,2013-06-26,7.418557877143982
1181,2013-06-27,7.42830195803911
1182,2013-06-28,6.396275581966171
1183,2013-06-29,6.30968421386523
1184,2013-06-30,6.48067274275906
1185,2013-07-01,6.139810011152279
1186,2013-07-02,5.97766081584943
1187,2013-07-03,6.695058364111368
1188,2013-07-04,9.562954928973925
1189,2013-07-05,10.724328519777917
1190,2013-07-06,10.153651958770865
1191,2013-07-07,8.06592424851847
1192,2013-07-08,7.225043594438346
1193,2013-07-09,7.68092557531167
1194,2013-07-10,7.983122636551319
1195,2013-07-11,7.01810911986754
1196,2013-07-12,6.568789556963895
1197,2013-07-13,6.534426073878984
1198,2013-07-14,6.211946243688134
1199,2013-07-15,6.753730250001726
1200,2013-07-16,6.396717042667656
1201,2013-07-17,6.266766814171438
1202,2013-07-18,6.6600791314250065
1203,2013-07-19,6.714626002507089
1204,2013-07-20,7.400923589281955
1205,2013-07-21,7.330064556553161
1206,2013-07-22,6.987132997438759
1207,2013-07-23,6.313693534415522
1208,2013-07-24,6.115656780466683
1209,2013-07-25,6.163685663261957
1210,2013-07-26,7.018407652122936
1211,2013-07-27,8.021433316533159
1212,2013-07-28,7.737938681715291
1213,2013-07-29,7.388175397855904
1214,2013-07-30,7.723520756256074
1215,2013-07-31,6.9283623456345165
1216,2013-08-01,6.265326963559738
1217,2013-08-02,5.81278231337397
1218,2013-08-03,5.711330557473374
1219,2013-08-04,5.485502439304011
1220,2013-08-05,5.165802626827809
1221,2013-08-06,6.056749869488907
1222,2013-08-07,5.808696223427026
1223,2013-08-08,5.620089361505023
1224,2013-08-09,5.529287659587517
1225,2013-08-10,6.032002589512937
1226,2013-08-11,5.663126380343519
1227,2013-08-12,5.913073504833727
1228,2013-08-13,6.63327852916238
1229,2013-08-14,6.296605750158444
1230,2013-08-15,5.811233589801886
1231,2013-08-16,6.63317591258499
1232,2013-08-17,6.53382398810715
1233,2013-08-18,6.594262026509178
1234,2013-08-19,6.153992456560567
1235,2013-08-20,6.589415772670194
1236,2013-08-21,6.914006707743648
1237,2013-08-22,6.038345315872012
1238,2013-08-23,5.193077283086477
1239,2013-08-24,5.146046788063964
1240,2013-08-25,5.288182233260713
1241,2013-08-26,6.024329897269206
1242,2013-08-27,5.915683728333984
1243,2013-08-28,6.3650047044389835
1244,2013-08-29,5.676241656175333
1245,2013-08-30,8.377102558026618
1246,2013-08-31,6.058985116074407
1247,2013-09-01,5.780321878348127
1248,2013-09-02,6.0603099287456725
1249,2013-09-03,5.809107509886714
1250,2013-09-04,5.886198707980726
1251,2013-09-05,5.422738710205911
1252,2013-09-06,5.344716351736391
1253,2013-09-07,6.0409435774537705
1254,2013-09-08,5.849418324037985
1255,2013-09-09,5.883106942592135
1256,2013-09-10,5.315652065896604
1257,2013-09-11,5.231445923409063
1258,2013-09-12,6.887330877584622
1259,2013-09-13,6.324783379364467
1260,2013-09-14,5.5738456486461
1261,2013-09-15,5.34772719195082
1262,2013-09-16,6.461229395770392
1263,2013-09-17,5.423543414903631
1264,2013-09-18,6.055655192713836
1265,2013-09-19,6.3810653115592695
1266,2013-09-20,7.867963731686569
1267,2013-09-21,9.38743386238148
1268,2013-09-22,7.492703671821801
1269,2013-09-23,8.525855031727794
1270,2013-09-24,14.464107155639304
1271,2013-09-25,11.78120360605175
1272,2013-09-26,9.594146926509458
1273,2013-09-27,9.936157977697372
1274,2013-09-28,8.776993200992315
1275,2013-09-29,8.415127544583337
1276,2013-09-30,14.380321178055299
1277,2013-10-01,12.503159578385304
1278,2013-10-02,9.462524297588608
1279,2013-10-03,7.119746322185248
1280,2013-10-04,8.013232958739842
1281,2013-10-05,7.246680664194162
1282,2013-10-06,6.204929838010261
1283,2013-10-07,6.313579461103807
1284,2013-10-08,7.9627812628889725
1285,2013-10-09,6.9437302697637655
1286,2013-10-10,7.827461875594391
1287,2013-10-11,6.302339342211617
1288,2013-10-12,8.431551322951766
1289,2013-10-13,6.6596452077651005
1290,2013-10-14,7.940647308593634
1291,2013-10-15,9.013975811306484
1292,2013-10-16,9.593536443202629
1293,2013-10-17,8.002930084580564
1294,2013-10-18,7.164629595130797
1295,2013-10-19,6.922158712348644
1296,2013-10-20,5.974424875338325
1297,2013-10-21,7.266888199139934
1298,2013-10-22,10.239873866268384
1299,2013-10-23,8.408900315381025
1300,2013-10-24,10.60655659429488
1301,2013-10-25,8.640001224272655
1302,2013-10-26,8.890352602926042
1303,2013-10-27,9.15815853538037
1304,2013-10-28,6.4457078418231655
1305,2013-10-29,6.051216156420648
1306,2013-10-30,5.555566179956241
1307,2013-10-31,6.109156447593297
1308,2013-11-01,6.308341525281597
1309,2013-11-02,10.937736563985096
1310,2013-11-03,8.902624923308723
1311,2013-11-04,7.9762419490931284
1312,2013-11-05,10.190858082437519
1313,2013-11-06,10.377146707974651
1314,2013-11-07,11.375271955500406
1315,2013-11-08,10.648198773945172
1316,2013-11-09,7.303036261146965
1317,2013-11-10,8.957054014375169
1318,2013-11-11,8.325845137670191
1319,2013-11-12,7.625874954047036
1320,2013-11-13,8.809974392434338
1321,2013-11-14,8.873485648950378
1322,2013-11-15,9.166488966392645
1323,2013-11-16,7.288406867846419
1324,2013-11-17,7.641403767398413
1325,2013-11-18,6.348401231318763
1326,2013-11-19,6.163384397633953
1327,2013-11-20,5.596179391392616
1328,2013-11-21,5.499822940070495
1329,2013-11-22,6.275328833659961
1330,2013-11-23,7.8702016965669195
1331,2013-11-24,7.011894916785119
1332,2013-11-25,5.9075953843838835
1333,2013-11-26,5.971438892275302
1334,2013-11-27,6.28887825997511
1335,2013-11-28,10.01596996732631
1336,2013-11-29,9.640432742662586
1337,2013-11-30,7.476542532653776
1338,2013-12-01,6.903321324520936
1339,2013-12-02,6.68151186308715
1340,2013-12-03,7.6018044749308515
1341,2013-12-04,6.945647577093126
1342,2013-12-05,5.757251157448692
1343,2013-12-06,5.422838219915139
1344,2013-12-07,7.507383823756483
1345,2013-12-08,7.377631497081749
1346,2013-12-09,6.959987772135499
1347,2013-12-10,6.576779837567609
1348,2013-12-11,6.426647538846802
1349,2013-12-12,7.155471710098986
1350,2013-12-13,8.241128443395386
1351,2013-12-14,10.944241619487906
1352,2013-12-15,9.76413489544824
1353,2013-12-16,12.76380034156907
1354,2013-12-17,10.448354224961465
1355,2013-12-18,11.501326305625334
1356,2013-12-19,10.408294601509962
1357,2013-12-20,11.31002618388151
1358,2013-12-21,9.603432255740453
1359,2013-12-22,8.457438225469833
1360,2013-12-23,9.121792354052639
1361,2013-12-24,10.582455560243837
1362,2013-12-25,8.369568227789932
1363,2013-12-26,9.001446937055157
1364,2013-12-27,9.572006696251295
1365,2013-12-28,11.31202625363134
1366,2013-12-29,11.37062889870913
1367,2013-12-30,12.060182893134664
1368,2013-12-31,8.74755283125308
1369,2014-01-01,7.025673757020859
1370,2014-01-02,8.147523842971506
1371,2014-01-03,8.463320129962785
1372,2014-01-04,11.327719494154078
1373,2014-01-05,9.270941409937919
1374,2014-01-06,7.058060903638051
1375,2014-01-07,7.618615370022451
1376,2014-01-08,6.386678057148124
1377,2014-01-09,6.583583436261265
1378,2014-01-10,8.254716602276991
1379,2014-01-11,11.75247630793822
1380,2014-01-12,20.06240917948641
1381,2014-01-13,13.434806445235932
1382,2014-01-14,9.966601152803154
1383,2014-01-15,11.962037316683505
1384,2014-01-16,11.164267112571295
1385,2014-01-17,10.66174357387484
1386,2014-01-18,9.838650261216333
1387,2014-01-19,9.885291856296663
1388,2014-01-20,11.47703502407603
1389,2014-01-21,17.306953840454575
1390,2014-01-22,15.975752632179601
1391,2014-01-23,12.619582630291724
1392,2014-01-24,18.444201209976647
1393,2014-01-25,12.963566426550967
1394,2014-01-26,9.324387760731717
1395,2014-01-27,10.133663085636673
1396,2014-01-28,10.7605529262231
1397,2014-01-29,10.243904599363093
1398,2014-01-30,8.114673901943684
1399,2014-01-31,6.430999445121758
1400,2014-02-01,6.527616614981013
1401,2014-02-02,6.636054692317593
1402,2014-02-03,6.935619321321456
1403,2014-02-04,7.253030347312469
1404,2014-02-05,6.780400886954928
1405,2014-02-06,6.805152596140824
1406,2014-02-07,7.78788763115231
1407,2014-02-08,8.087524471343682
1408,2014-02-09,7.564377996321273
1409,2014-02-10,8.108731100170846
1410,2014-02-11,6.249292522278337
1411,2014-02-12,6.4624730947996545
1412,2014-02-13,6.853009005159657
1413,2014-02-14,7.7506288441910245
1414,2014-02-15,7.849607401493671
1415,2014-02-16,8.797688593956973
1416,2014-02-17,9.83203300945077
1417,2014-02-18,10.6771518899785
1418,2014-02-19,8.215390374234284
1419,2014-02-20,9.223934354742832
1420,2014-02-21,8.678891865139438
1421,2014-02-22,6.674393926359936
1422,2014-02-23,6.062715851218452
1423,2014-02-24,5.8084881437342695
1424,2014-02-25,5.204958560682892
1425,2014-02-26,5.401403564011694
1426,2014-02-27,7.147650317195659
1427,2014-02-28,6.651938252524564
1428,2014-03-01,12.190055604550261
1429,2014-03-02,12.168261956251627
1430,2014-03-03,8.211150193560824
1431,2014-03-04,7.929420199316193
1432,2014-03-05,8.731198262765846
1433,2014-03-06,7.181703455545339
1434,2014-03-07,10.29756385041251
1435,2014-03-08,8.212954930515025
1436,2014-03-09,7.848027304995859
1437,2014-03-10,8.29893821114611
1438,2014-03-11,7.523382393883067
1439,2014-03-12,12.004858888829157
1440,2014-03-13,14.27417251828707
1441,2014-03-14,9.401433298915213
1442,2014-03-15,9.154488719097674
1443,2014-03-16,11.696818376644622
1444,2014-03-17,16.338443923610203
1445,2014-03-18,8.54016244248986
1446,2014-03-19,7.6781897252226186
1447,2014-03-20,9.496501026206728
1448,2014-03-21,7.959486878813442
1449,2014-03-22,6.891032580885126
1450,2014-03-23,8.046610727587655
1451,2014-03-24,6.5381156053897405
1452,2014-03-25,6.271990507817626
1453,2014-03-26,6.5527907733172235
1454,2014-03-27,6.171681604801532
1455,2014-03-28,5.7395338370977
1456,2014-03-29,4.7823153569897805
1457,2014-03-30,7.434525557780312
1458,2014-03-31,8.29868524658715
1459,2014-04-01,7.617530223388731
1460,2014-04-02,12.502893758666398
1461,2014-04-03,16.32353308611995
1462,2014-04-04,10.062851627096467
1463,2014-04-05,8.524017501481222
1464,2014-04-06,6.568339983298222
1465,2014-04-07,7.014819044078606
1466,2014-04-08,6.669960362142563
1467,2014-04-09,5.74322861426135
1468,2014-04-10,5.255399463417318
1469,2014-04-11,5.212509120183705
1470,2014-04-12,6.129784102829874
1471,2014-04-13,5.943719347278682
1472,2014-04-14,6.244304131395677
1473,2014-04-15,6.121475494731029
1474,2014-04-16,5.848605316682849
1475,2014-04-17,5.576458833271582
1476,2014-04-18,6.098452303710046
1477,2014-04-19,6.332354945588065
1478,2014-04-20,15.595374733006235
1479,2014-04-21,14.521198905138387
1480,2014-04-22,9.998117699916506
1481,2014-04-23,7.886691686134795
1482,2014-04-24,6.779868442566959
1483,2014-04-25,7.315392429499475
1484,2014-04-26,9.9119126601732
1485,2014-04-27,9.590505084956005
1486,2014-04-28,8.901704146683729
1487,2014-04-29,9.223228084316705
1488,2014-04-30,7.298442496325816
1489,2014-05-01,6.127990576366431
1490,2014-05-02,5.286716283471639
1491,2014-05-03,5.33940707707016
1492,2014-05-04,7.345673150650816
1493,2014-05-05,6.465564767168946
1494,2014-05-06,7.357133326689781
1495,2014-05-07,7.260157196506916
1496,2014-05-08,7.430828351683232
1497,2014-05-09,6.613525043307024
1498,2014-05-10,6.389193460101941
1499,2014-05-11,6.110559880425013
1500,2014-05-12,5.77941164209495
1501,2014-05-13,6.574050640229867
1502,2014-05-14,6.302343532003845
1503,2014-05-15,6.121981461761569
1504,2014-05-16,5.195790171932702
1505,2014-05-17,5.135391708881434
1506,2014-05-18,5.353108142323825
1507,2014-05-19,5.342594804198627
1508,2014-05-20,5.742065690426339
1509,2014-05-21,5.30972176633484
1510,2014-05-22,5.06882629869037
1511,2014-05-23,6.191678750866273
1512,2014-05-24,5.69590688223186
1513,2014-05-25,5.664928152008038
1514,2014-05-26,5.2768178014181135
1515,2014-05-27,5.492326542742393
1516,2014-05-28,5.828395051156559
1517,2014-05-29,6.063565695419539
1518,2014-05-30,6.123687511570535
1519,2014-05-31,5.763937624203673
1520,2014-06-01,7.296038050157948
1521,2014-06-02,6.74763943979931
1522,2014-06-03,6.6022008363723
1523,2014-06-04,6.889615953869197
1524,2014-06-05,6.110598625305066
1525,2014-06-06,5.20605911450037
1526,2014-06-07,5.288181719178267
1527,2014-06-08,5.112673159732255
1528,2014-06-09,5.438773254471012
1529,2014-06-10,5.607857967000699
1530,2014-06-11,5.913083693020424
1531,2014-06-12,5.981954182681033
1532,2014-06-13,5.993468158012559
1533,2014-06-14,6.531844254141279
1534,2014-06-15,6.384795036524733
1535,2014-06-16,5.95691794332525
1536,2014-06-17,5.919971071713831
1537,2014-06-18,6.159042378246428
1538,2014-06-19,6.425884858446344
1539,2014-06-20,6.049789804029329
1540,2014-06-21,5.821927612375662
1541,2014-06-22,5.690365984251356
1542,2014-06-23,7.505281246825741
1543,2014-06-24,6.244579086702628
1544,2014-06-25,5.905337973603718
1545,2014-06-26,7.2791043422821895
1546,2014-06-27,7.24452301879013
1547,2014-06-28,6.6411661302207134
1548,2014-06-29,7.7838529533480765
1549,2014-06-30,7.262147571706265
1550,2014-07-01,6.789104377704558
1551,2014-07-02,7.527754411289841
1552,2014-07-03,9.25309716299338
1553,2014-07-04,11.376713467761904
1554,2014-07-05,11.213391500463047
1555,2014-07-06,9.690961237757826
1556,2014-07-07,8.851151076718953
1557,2014-07-08,7.847398690047636
1558,2014-07-09,6.773869846055373
1559,2014-07-10,6.051357975256027
1560,2014-07-11,5.809269468529216
1561,2014-07-12,5.4610391903656215
1562,2014-07-13,5.8917033806452315
1563,2014-07-14,5.188368324952807
1564,2014-07-15,5.467544898115531
1565,2014-07-16,6.113166186869202
1566,2014-07-17,6.1633726540566185
1567,2014-07-18,6.011050968808476
1568,2014-07-19,5.805745496673231
1569,2014-07-20,5.884283785013544
1570,2014-07-21,5.759962930424011
1571,2014-07-22,6.021958892220718
1572,2014-07-23,5.436415277690068
1573,2014-07-24,6.01659225947709
1574,2014-07-25,6.201382647549126
1575,2014-07-26,6.35997086448708
1576,2014-07-27,5.801264616938224
1577,2014-07-28,6.030220934095641
1578,2014-07-29,5.785987946274131
1579,2014-07-30,5.354531349956076
1580,2014-07-31,5.940769787865137
1581,2014-08-01,6.228814812790546
1582,2014-08-02,6.144505887620623
1583,2014-08-03,6.520676628845804
1584,2014-08-04,6.5085994249171994
1585,2014-08-05,6.509306437681975
1586,2014-08-06,7.3837120790904365
1587,2014-08-07,7.71614816092765
1588,2014-08-08,7.762397626219993
1589,2014-08-09,7.705970890786191
1590,2014-08-10,7.294134931768831
1591,2014-08-11,5.94069662829945
1592,2014-08-12,5.880726131363899
1593,2014-08-13,6.086201653615322
1594,2014-08-14,5.9313713887833375
1595,2014-08-15,5.880264615783357
1596,2014-08-16,5.680307405380675
1597,2014-08-17,5.472603884736913
1598,2014-08-18,6.017663907457313
1599,2014-08-19,5.601595043610714
1600,2014-08-20,5.534940670954113
1601,2014-08-21,5.326204912283086
1602,2014-08-22,5.375479772832655
1603,2014-08-23,5.279044093021959
1604,2014-08-24,5.323145185856009
1605,2014-08-25,5.75462774322615
1606,2014-08-26,5.5291179736625065
1607,2014-08-27,6.174168301818863
1608,2014-08-28,5.906843225357529
1609,2014-08-29,6.547075907436367
1610,2014-08-30,5.643241474875769
1611,2014-08-31,5.033763860631711
1612,2014-09-01,5.529622751446879
1613,2014-09-02,5.344754496912755
1614,2014-09-03,5.689768866518113
1615,2014-09-04,5.537525346459788
1616,2014-09-05,5.50820290565317
1617,2014-09-06,6.567287452974405
1618,2014-09-07,7.303537831735302
1619,2014-09-08,6.869235997510283
1620,2014-09-09,5.8088723063614776
1621,2014-09-10,5.6842115760434355
1622,2014-09-11,5.812176475387353
1623,2014-09-12,6.618475237978032
1624,2014-09-13,7.485769476527927
1625,2014-09-14,8.284683024198893
1626,2014-09-15,8.385487060358038
1627,2014-09-16,8.604605759408592
1628,2014-09-17,8.283648680126364
1629,2014-09-18,8.100124918964946
1630,2014-09-19,7.018048953827386
1631,2014-09-20,7.003961546429615
1632,2014-09-21,6.680111302415796
1633,2014-09-22,5.810548383524962
1634,2014-09-23,5.752095775176583
1635,2014-09-24,7.4729103089168465
1636,2014-09-25,11.957334230247108
1637,2014-09-26,7.252428388919228
1638,2014-09-27,6.05936022658619
1639,2014-09-29,6.203725635139863
1640,2014-09-30,6.635267687996103
1641,2014-10-01,6.331390352525002
1642,2014-10-02,7.106519929398293
1643,2014-10-03,7.15779349493243
1644,2014-10-04,8.292520585745876
1645,2014-10-05,8.87428471353992
1646,2014-10-06,8.04994756958521
1647,2014-10-07,7.76962577498799
1648,2014-10-08,9.549150184180444
1649,2014-10-09,11.612092747012367
1650,2014-10-10,8.467848540295838
1651,2014-10-11,12.049704907723603
1652,2014-10-12,20.25628936368156
1653,2014-10-13,13.123730252975674
1654,2014-10-14,8.382321334052909
1655,2014-10-15,7.96050937879908
1656,2014-10-16,9.388185338629587
1657,2014-10-17,6.92495686233921
1658,2014-10-18,6.601281453436986
1659,2014-10-19,5.642369378919633
1660,2014-10-20,7.8899159159660925
1661,2014-10-21,11.710323487316606
1662,2014-10-22,9.34797951958515
1663,2014-10-23,9.884352920337966
1664,2014-10-24,7.008298416142715
1665,2014-10-25,6.273466069429224
1666,2014-10-26,7.890085284430521
1667,2014-10-27,7.218582706077114
1668,2014-10-28,7.066930459723606
1669,2014-10-29,8.365292858381215
1670,2014-10-30,6.732226904386415
1671,2014-10-31,8.090074863471523
1672,2014-11-01,9.128179143710156
1673,2014-11-02,7.010478837143211
1674,2014-11-03,6.562561035700534
1675,2014-11-04,7.4724620137493085
1676,2014-11-05,9.095151441256665
1677,2014-11-06,5.822671762548523
1678,2014-11-07,7.025051514124363
1679,2014-11-08,7.144907169117738
1680,2014-11-09,8.503379524323618
1681,2014-11-10,7.580486831357268
1682,2014-11-11,9.640372209876999
1683,2014-11-12,8.180146423930811
1684,2014-11-13,6.612131665482988
1685,2014-11-14,7.269851427247429
1686,2014-11-15,7.640890251191196
1687,2014-11-16,5.282038596043139
1688,2014-11-17,5.749178298879698
1689,2014-11-18,6.443863143974581
1690,2014-11-19,7.108043346536617
1691,2014-11-20,6.098037450499418
1692,2014-11-21,6.841050497460056
1693,2014-11-22,9.30591967281484
1694,2014-11-23,9.875106457588117
1695,2014-11-24,8.793328600432197
1696,2014-11-25,7.217041858761461
1697,2014-11-26,9.313233032942868
1698,2014-11-27,7.120405999701539
1699,2014-11-28,8.857463302835404
1700,2014-11-29,6.6327851487171685
1701,2014-11-30,8.3111046396347
1702,2014-12-01,8.62597471753451
1703,2014-12-02,8.604301336168382
1704,2014-12-03,8.110906329009376
1705,2014-12-04,6.978160040383313
1706,2014-12-05,6.445864557761586
1707,2014-12-06,5.968068118645407
1708,2014-12-07,7.823906089416572
1709,2014-12-08,7.52483536721073
1710,2014-12-09,10.178661647473971
1711,2014-12-10,14.00148126171742
1712,2014-12-11,12.71273551553225
1713,2014-12-12,10.224631120952852
1714,2014-12-13,9.28611751804737
1715,2014-12-14,10.020208590645725
1716,2014-12-15,15.17135030906427
1717,2014-12-16,14.661464069459363
1718,2014-12-17,9.272490838754088
1719,2014-12-18,8.697956817944917
1720,2014-12-19,8.6860948182624
1721,2014-12-20,20.905655344128537
1722,2014-12-21,14.00141725917991
1723,2014-12-22,10.422825630665244
1724,2014-12-23,8.96228417950696
1725,2014-12-24,13.73951934695299
1726,2014-12-25,10.964710207073738
1727,2014-12-26,8.231894821532796
1728,2014-12-27,9.601292484660576
1729,2014-12-28,8.028445922956902
1730,2014-12-29,8.255012301847147
1731,2014-12-30,7.7714651245647515
1732,2014-12-31,6.744560733251355
1733,2015-01-01,6.649380135202567
1734,2015-01-02,7.7818435126842
1735,2015-01-03,6.010900409031749
1736,2015-01-04,6.056743389650862
1737,2015-01-05,7.503976742593808
1738,2015-01-06,8.703518963485067
1739,2015-01-07,7.1262871512892385
1740,2015-01-08,6.120001868555769
1741,2015-01-09,6.958814742133145
1742,2015-01-10,6.251924860246994
1743,2015-01-11,5.713805918755807
1744,2015-01-12,5.898510178060903
1745,2015-01-13,5.604075749106329
1746,2015-01-14,6.426215618493016
1747,2015-01-15,8.401373081933809
1748,2015-01-16,8.029318165866638
1749,2015-01-17,7.444461694355643
1750,2015-01-18,8.072629590758622
1751,2015-01-19,6.410621425836558
1752,2015-01-20,8.338616083812559
1753,2015-01-21,12.249023506463764
1754,2015-01-22,9.610502956858081
1755,2015-01-23,10.245774964317224
1756,2015-01-24,12.861602924981563
1757,2015-01-25,10.02738737369906
1758,2015-01-26,7.86697228276416
1759,2015-01-27,7.13007615512541
1760,2015-01-28,7.390731712125374
1761,2015-01-29,7.132613988359677
1762,2015-01-30,6.891115492407476
1763,2015-01-31,6.229498978783374
1764,2015-02-01,8.185906579646364
1765,2015-02-02,10.402307192417664
1766,2015-02-03,8.592405013537313
1767,2015-02-04,6.555411406306117
1768,2015-02-05,6.009708421645286
1769,2015-02-06,8.762301580277168
1770,2015-02-07,7.51637206698268
1771,2015-02-08,7.354002264422263
1772,2015-02-09,7.488147657057619
1773,2015-02-10,8.254940184059823
1774,2015-02-11,7.970465163959667
1775,2015-02-12,8.931371063181928
1776,2015-02-13,8.109828625825271
1777,2015-02-14,6.478422392377742
1778,2015-02-15,6.9225272383394
1779,2015-02-16,7.74293148248306
1780,2015-02-17,9.84294973913879
1781,2015-02-18,6.9556091944807
1782,2015-02-19,6.8672315821967755
1783,2015-02-20,6.236177942795918
1784,2015-02-21,5.878045416304337
1785,2015-02-22,5.517450120008891
1786,2015-02-23,8.740528420630232
1787,2015-02-24,5.846088600198481
1788,2015-02-25,6.494471495345532
1789,2015-02-26,5.362532107681297
1790,2015-02-27,5.176931901385935
1791,2015-02-28,5.243356876257478
1792,2015-03-01,6.738853769754046
1793,2015-03-02,5.889453160905299
1794,2015-03-03,5.84225993542234
1795,2015-03-04,5.796758679970609
1796,2015-03-05,6.259478805238225
1797,2015-03-06,6.029312085415568
1798,2015-03-07,6.1197724655205405
1799,2015-03-08,5.5218922089686435
1800,2015-03-09,5.507353748085838
1801,2015-03-10,6.284573755099391
1802,2015-03-11,8.050616534990452
1803,2015-03-12,8.469290798078196
1804,2015-03-13,9.366643912411341
1805,2015-03-14,6.96977658072803
1806,2015-03-15,8.758398110834607
1807,2015-03-16,6.750002594331353
1808,2015-03-17,7.126698051587514
1809,2015-03-18,7.692979779324069
1810,2015-03-19,6.257595279384909
1811,2015-03-20,7.182961103287936
1812,2015-03-21,5.768116114527036
1813,2015-03-22,5.328775038122617
1814,2015-03-23,5.348569973026023
1815,2015-03-24,6.302479081558293
1816,2015-03-25,6.322807301822502
1817,2015-03-26,7.095839956346032
1818,2015-03-27,10.135021209517046
1819,2015-03-28,9.808959227412002
1820,2015-03-29,9.002395774318995
1821,2015-03-30,8.5008723394274
1822,2015-03-31,6.892060980576442
1823,2015-04-01,5.866347414625513
1824,2015-04-02,6.188622964740076
1825,2015-04-03,7.382460674917651
1826,2015-04-04,7.382470624673108
1827,2015-04-05,7.958109132837883
1828,2015-04-06,6.169798229745291
1829,2015-04-07,5.684258536966874
1830,2015-04-08,6.1700755482889225
1831,2015-04-09,6.534434942520864
1832,2015-04-10,5.188915603135981
1833,2015-04-11,5.514588400651816
1834,2015-04-12,7.236524244242213
1835,2015-04-13,7.9780871488991245
1836,2015-04-14,9.325244028450657
1837,2015-04-15,7.51023138505242
1838,2015-04-16,8.616056283345166
1839,2015-04-17,14.665968770285566
1840,2015-04-18,8.905075617430782
1841,2015-04-19,8.092000845533196
1842,2015-04-20,6.093422036495815
1843,2015-04-21,6.5233421095459
1844,2015-04-22,6.150805129097967
1845,2015-04-23,6.290974913462463
1846,2015-04-24,5.9760430986275965
1847,2015-04-25,6.966850061113915
1848,2015-04-26,5.036338013232644
1849,2015-04-27,6.691646518710657
1850,2015-04-28,5.122509941332896
1851,2015-04-29,5.360629886094453
1852,2015-04-30,5.720533370596892
1853,2015-05-01,6.767326773984861
1854,2015-05-02,9.686062639861197
1855,2015-05-03,12.437637103264015
1856,2015-05-04,12.852971421691532
1857,2015-05-05,10.518054305227768
1858,2015-05-06,7.470206771008273
1859,2015-05-07,6.611013050899063
1860,2015-05-08,4.934137505355683
1861,2015-05-09,5.034834632464041
1862,2015-05-10,5.615347870849591
1863,2015-05-11,5.88962897484616
1864,2015-05-12,7.623908870807341
1865,2015-05-13,8.816118838683424
1866,2015-05-14,9.22161707650689
1867,2015-05-15,8.35519787841561
1868,2015-05-16,6.766375079688568
1869,2015-05-17,5.974104684646711
1870,2015-05-18,6.300265206020924
1871,2015-05-19,6.383516903774436
1872,2015-05-20,6.083156296847267
1873,2015-05-21,5.84549909098404
1874,2015-05-22,5.986591829913894
1875,2015-05-23,6.873496229991632
1876,2015-05-24,7.993684082303893
1877,2015-05-25,6.5829100002572805
1878,2015-05-26,6.414682707296843
1879,2015-05-27,6.4210562536193905
1880,2015-05-28,6.431443419184667
1881,2015-05-29,6.165756765741558
1882,2015-05-30,6.2198600814353515
1883,2015-05-31,5.481987301609395
1884,2015-06-01,6.994315276111308
1885,2015-06-02,5.169795259780619
1886,2015-06-03,5.313780033720443
1887,2015-06-04,6.106864185372255
1888,2015-06-05,5.918091560038304
1889,2015-06-06,5.576686736206125
1890,2015-06-07,6.502390270581433
1891,2015-06-08,7.2742341083216715
1892,2015-06-09,7.11345173279613
1893,2015-06-10,8.712758652295474
1894,2015-06-11,6.213727902663016
1895,2015-06-12,6.150505367748785
1896,2015-06-13,6.17028401586096
1897,2015-06-14,5.543853679275485
1898,2015-06-15,6.079749276190161
1899,2015-06-16,5.452772279955274
1900,2015-06-17,5.91246994859567
1901,2015-06-18,5.131588442320021
1902,2015-06-19,8.484976601520584
1903,2015-06-20,4.655939114220261
1904,2015-06-21,5.057552846851448
1905,2015-06-22,6.1606341220434295
1906,2015-06-23,6.759324137878094
1907,2015-06-24,6.184055139091486
1908,2015-06-25,5.593726980630145
1909,2015-06-26,6.453235774788417
1910,2015-06-27,6.04769144144566
1911,2015-06-28,6.675061078040267
1912,2015-06-29,6.396856591735738
1913,2015-06-30,7.08056515167822
1914,2015-07-01,7.986236520829492
1915,2015-07-02,7.47216104933113
1916,2015-07-03,7.117689893550602
1917,2015-07-04,6.732537696151357
1918,2015-07-05,5.6741563431740305
1919,2015-07-06,6.248555227961854
1920,2015-07-07,5.724392478551462
1921,2015-07-08,5.50108144996441
1922,2015-07-09,6.593108821547104
1923,2015-07-10,6.972124975666694
1924,2015-07-11,6.197862606326564
1925,2015-07-12,6.519080548140457
1926,2015-07-13,6.704821924873176
1927,2015-07-14,7.153902423145449
1928,2015-07-15,8.358314818208262
1929,2015-07-16,8.423784041610347
1930,2015-07-17,8.053003259331966
1931,2015-07-18,7.304578543719603
1932,2015-07-19,6.889310905061322
1933,2015-07-20,8.002845509819283
1934,2015-07-21,8.173558161215043
1935,2015-07-22,8.26907532936302
1936,2015-07-23,7.859664032949611
1937,2015-07-24,8.125895312894903
1938,2015-07-25,7.222037904163719
1939,2015-07-26,9.109419682082907
1940,2015-07-27,8.47042582075035
1941,2015-07-28,5.8117376437794235
1942,2015-07-29,6.593019065967388
1943,2015-07-30,6.714173102539343
1944,2015-07-31,5.951846672876476
1945,2015-08-01,5.9459714536369495
1946,2015-08-02,5.733025843439206
1947,2015-08-03,7.7249630380946055
1948,2015-08-04,6.8798842887683325
1949,2015-08-05,7.696212363135094
1950,2015-08-06,7.9713178084151455
1951,2015-08-07,7.636401094422722
1952,2015-08-08,7.21277734005879
1953,2015-08-09,6.559162812338419
1954,2015-08-10,7.060790459944113
1955,2015-08-11,7.497687684667158
1956,2015-08-12,6.565188374821163
1957,2015-08-13,5.898097621043979
1958,2015-08-14,6.224500380439515
1959,2015-08-15,5.871547772583769
1960,2015-08-16,6.632547228637145
1961,2015-08-17,8.759708205565309
1962,2015-08-18,7.61549566161431
1963,2015-08-19,7.644674222517959
1964,2015-08-20,7.06179482800247
1965,2015-08-21,7.926684156616171
1966,2015-08-22,8.466817845447299
1967,2015-08-23,9.09625351156818
1968,2015-08-24,7.355312623794623
1969,2015-08-25,6.995252662847092
1970,2015-08-26,6.245610798316701
1971,2015-08-27,6.313466424754193
1972,2015-08-28,7.824543067799709
1973,2015-08-29,7.723149936520186
1974,2015-08-30,8.145045179345713
1975,2015-08-31,6.584806684096872
1976,2015-09-01,6.735860437706692
1977,2015-09-02,7.080030330670645
1978,2015-09-03,6.964028718227268
1979,2015-09-04,6.672556217829647
1980,2015-09-05,6.457309436887418
1981,2015-09-06,7.037137422637551
1982,2015-09-07,9.462725432383376
1983,2015-09-08,7.681665166404298
1984,2015-09-09,7.296208148316336
1985,2015-09-10,8.265290824149835
1986,2015-09-11,8.364292045854057
1987,2015-09-12,7.2657986259042735
1988,2015-09-13,7.385593149522872
1989,2015-09-14,6.608801436398783
1990,2015-09-15,6.498378327316404
1991,2015-09-16,7.152736748120781
1992,2015-09-17,44.568450425148754
1993,2015-09-18,24.610438062093426
1994,2015-09-19,11.981696688862952
1995,2015-09-20,8.099063159182693
1996,2015-09-21,6.5780047491731235
1997,2015-09-22,4.694912081428437
1998,2015-09-23,5.212683219198778
1999,2015-09-24,5.681676566933731
2000,2015-09-25,6.142395367442721
2001,2015-09-26,5.571049737572211
2002,2015-09-27,5.913116233386636
2003,2015-09-28,5.759034252935914
2004,2015-09-29,5.685263121751668
2005,2015-09-30,6.183784184491103
2006,2015-10-02,8.686058100553034
2007,2015-10-03,7.297927666525893
2008,2015-10-04,6.507294998901339
2009,2015-10-05,6.344902260183019
2010,2015-10-06,5.993435967655523
2011,2015-10-07,6.285741333828311
2012,2015-10-08,9.107685156226271
2013,2015-10-09,9.325526099095555
2014,2015-10-10,8.05960771780777
2015,2015-10-11,9.936877812031831
2016,2015-10-12,9.712421553112751
2017,2015-10-13,8.093052838302377
2018,2015-10-14,6.274913532410537
2019,2015-10-15,5.580028075449898
2020,2015-10-16,5.663946315020066
2021,2015-10-17,5.5233391084502435
2022,2015-10-18,5.351865377292857
2023,2015-10-19,5.799316316368278
2024,2015-10-20,5.693990379488155
2025,2015-10-21,5.3642326787885075
2026,2015-10-22,6.110655374831785
2027,2015-10-23,8.197832552775303
2028,2015-10-24,5.986613805457547
2029,2015-10-25,7.1192885536166814
2030,2015-10-26,13.94254428218654
2031,2015-10-27,9.662501164213966
2032,2015-10-28,11.004000898485838
2033,2015-10-29,11.303116377954444
2034,2015-10-30,8.921548294625849
2035,2015-10-31,8.066156317316812
2036,2015-11-01,7.971517054115512
2037,2015-11-02,11.467955239248443
2038,2015-11-03,8.789914454288256
2039,2015-11-04,8.207307330974311
2040,2015-11-05,11.058339138017299
2041,2015-11-06,7.653759191894429
2042,2015-11-07,7.407825706735157
2043,2015-11-08,13.204096121551403
2044,2015-11-09,10.595375332870494
2045,2015-11-10,8.276561396632175
2046,2015-11-11,9.479040607243755
2047,2015-11-12,9.23307149742811
2048,2015-11-13,12.738870541024186
2049,2015-11-14,18.61847510859993
2050,2015-11-15,13.033366196087535
2051,2015-11-16,9.526338922928106
2052,2015-11-17,9.101549356604396
2053,2015-11-18,10.411600327125404
2054,2015-11-19,9.024731222737103
2055,2015-11-20,8.002198609123733
2056,2015-11-21,8.816055815277425
2057,2015-11-22,9.311420503853025
2058,2015-11-23,9.555795347180892
2059,2015-11-24,8.842328811574527
2060,2015-11-25,8.989378384963954
2061,2015-11-26,8.14864348195639
2062,2015-11-27,10.500583042336007
2063,2015-11-28,8.148777259381221
2064,2015-11-29,9.43823483491287
2065,2015-11-30,13.044288787355327
2066,2015-12-01,10.127560257198956
2067,2015-12-02,7.309930694949869
2068,2015-12-03,8.597302136083579
2069,2015-12-04,10.570859642393064
2070,2015-12-05,10.493182623191062
2071,2015-12-06,11.005287789443866
2072,2015-12-07,17.64554902047347
2073,2015-12-08,12.356261558046837
2074,2015-12-09,10.103528225058714
2075,2015-12-10,11.426450779052429
2076,2015-12-11,25.19267492338084
2077,2015-12-12,20.517923325300078
2078,2015-12-13,22.42254543463609
2079,2015-12-14,17.487877361604426
2080,2015-12-15,10.722767802386306
2081,2015-12-16,16.963243792367788
2082,2015-12-17,13.450191637587196
2083,2015-12-18,11.487953677937178
2084,2015-12-19,12.620033770697669
2085,2015-12-20,12.74161306777381
2086,2015-12-21,9.361629010860197
2087,2015-12-22,10.928983812023619
2088,2015-12-23,10.695604099783445
2089,2015-12-24,17.48123015621927
2090,2015-12-25,13.84932958249439
2091,2015-12-26,11.390200018065345
2092,2015-12-27,7.930733481197591
2093,2015-12-28,9.254316487098547
2094,2015-12-29,12.851761976549824
2095,2015-12-30,8.51112904244004
2096,2015-12-31,7.865912816594685
2097,2016-01-01,8.824694216242122
2098,2016-01-02,9.160632003720325
2099,2016-01-03,9.086439105217277
2100,2016-01-04,8.011858159029412
2101,2016-01-05,10.41075594996353
2102,2016-01-06,18.543691633626445
2103,2016-01-07,16.463447741037296
2104,2016-01-08,13.430305253700261
2105,2016-01-09,7.78367817473099
2106,2016-01-10,10.30501441416536
2107,2016-01-11,9.68003898749436
2108,2016-01-12,13.437200290670257
2109,2016-01-13,9.750829433229638
2110,2016-01-14,9.34847002318162
2111,2016-01-15,10.509698839272504
2112,2016-01-16,12.290131565761406
2113,2016-01-17,25.06644031521481
2114,2016-01-18,17.524240554547912
2115,2016-01-19,13.152797331444074
2116,2016-01-20,11.575791458188945
2117,2016-01-21,7.990023238523623
2118,2016-01-22,13.01589842354926
2119,2016-01-23,10.904404912872458
2120,2016-01-24,9.138438683089266
2121,2016-01-25,7.253279923609712
2122,2016-01-26,9.652067539858036
2123,2016-01-27,13.94957528149034
2124,2016-01-28,13.761183237168346
2125,2016-01-29,20.20645501080709
2126,2016-01-30,14.129368393022842
2127,2016-01-31,9.713457674124077
2128,2016-02-01,8.644658671238567
2129,2016-02-02,8.466910794735156
2130,2016-02-03,10.146608251368985
2131,2016-02-04,21.22493978124209
2132,2016-02-05,16.74689782480816
2133,2016-02-06,11.144181255101806
2134,2016-02-07,8.556453967538665
2135,2016-02-08,11.020412385454671
2136,2016-02-09,11.261063489562218
2137,2016-02-10,9.081680849499806
2138,2016-02-11,9.63940336234063
2139,2016-02-12,15.8630796311721
2140,2016-02-13,13.343080933567471
2141,2016-02-14,10.023936044129293
2142,2016-02-15,8.079946835508052
2143,2016-02-16,7.655882646991303
2144,2016-02-17,10.336825314771449
2145,2016-02-18,8.244944345174815
2146,2016-02-19,10.081811875619374
2147,2016-02-20,8.435542484723781
2148,2016-02-21,9.493046021068334
2149,2016-02-22,11.860665471707538
2150,2016-02-23,11.164600600644869
2151,2016-02-24,17.814186138237844
2152,2016-02-25,20.5647267514199
2153,2016-02-26,12.898432429996774
2154,2016-02-27,12.889473023331206
2155,2016-02-28,10.421953342776323
2156,2016-02-29,10.28012583415122
2157,2016-03-01,10.809015739978696
2158,2016-03-02,11.24149563722739
2159,2016-03-03,9.119593437841871
2160,2016-03-04,10.257731877068023
2161,2016-03-05,10.30998219774328
2162,2016-03-06,8.811019800906365
2163,2016-03-07,9.949556021281829
2164,2016-03-08,9.386746086919374
2165,2016-03-09,9.00891712395687
2166,2016-03-10,13.061413273742723
2167,2016-03-11,11.110724798534113
2168,2016-03-12,7.235424930784479
2169,2016-03-13,9.45114149720413
2170,2016-03-14,13.931453065105071
2171,2016-03-15,9.45132361097541
2172,2016-03-16,9.517776633525683
2173,2016-03-17,7.290405912163884
2174,2016-03-18,7.789794088682458
2175,2016-03-19,9.105317903849357
2176,2016-03-20,7.993875235286749
2177,2016-03-21,6.610801959219401
2178,2016-03-22,7.704235107433093
2179,2016-03-23,7.012058839658421
2180,2016-03-24,9.831477359625632
2181,2016-03-25,12.448799344494521
2182,2016-03-26,7.5878567702761766
2183,2016-03-27,6.347589935240501
2184,2016-03-28,7.603127445413035
2185,2016-03-29,8.272836953672579
2186,2016-03-30,9.252790745263203
2187,2016-03-31,9.034239646944757
2188,2016-04-01,7.92699546491687
2189,2016-04-02,7.132853928558414
2190,2016-04-03,6.322015260527205
2191,2016-04-04,6.555497464349767
2192,2016-04-05,5.9411468761371635
2193,2016-04-06,5.636782118284992
2194,2016-04-07,5.810247613283248
2195,2016-04-08,5.87444614144748
2196,2016-04-09,5.749527356478985
2197,2016-04-10,5.411632640607613
2198,2016-04-11,5.12724646034921
2199,2016-04-12,7.1346351518283555
2200,2016-04-13,6.967508967995313
2201,2016-04-14,10.938578405109507
2202,2016-04-15,12.619729939632126
2203,2016-04-16,7.525845719179187
2204,2016-04-17,7.927668345219424
2205,2016-04-18,9.464083861375563
2206,2016-04-19,7.499180259618012
2207,2016-04-20,6.0200485991091295
2208,2016-04-21,5.561913847780141
2209,2016-04-22,6.108245691850295
2210,2016-04-23,5.195810527233628
2211,2016-04-24,6.868082547869238
2212,2016-04-25,8.90284083048656
2213,2016-04-26,8.067162192236635
2214,2016-04-27,6.331062820911574
2215,2016-04-28,8.070008842117822
2216,2016-04-29,7.382188258886834
2217,2016-04-30,9.117379583552573
2218,2016-05-01,7.814484948919601
2219,2016-05-02,7.4981612371785165
2220,2016-05-03,6.701863899841374
2221,2016-05-04,5.404040357990941
2222,2016-05-05,6.165800464635762
2223,2016-05-06,5.179604946409165
2224,2016-05-07,5.296419466671643
2225,2016-05-08,5.001519736725593
2226,2016-05-09,5.509159184982947
2227,2016-05-10,5.476736684909943
2228,2016-05-11,5.9780753929512835
2229,2016-05-12,4.725744480303385
2230,2016-05-13,5.38261408693995
2231,2016-05-14,4.983969557365116
2232,2016-05-15,4.883154405758851
2233,2016-05-16,5.715538776817631
2234,2016-05-17,4.996393463707473
2235,2016-05-18,5.608717076520998
2236,2016-05-19,6.6681342958812495
2237,2016-05-20,6.185723716209453
2238,2016-05-21,7.1350238556894885
2239,2016-05-22,5.400103855261139
2240,2016-05-23,5.2239894583166615
2241,2016-05-24,5.765841054519893
2242,2016-05-25,5.676601593805053
2243,2016-05-26,5.35397543400377
2244,2016-05-27,6.297412086970408
2245,2016-05-28,5.062750914615093
2246,2016-05-29,4.833571390225946
2247,2016-05-30,5.090854325371207
2248,2016-05-31,5.837109007656255
2249,2016-06-01,6.315509842501486
2250,2016-06-02,6.290672288306667
2251,2016-06-03,5.800789521824989
2252,2016-06-04,5.577580029310231
2253,2016-06-05,5.9460641323794095
2254,2016-06-06,4.878285706231686
2255,2016-06-07,4.946077227218331
2256,2016-06-08,4.7646852270029845
2257,2016-06-09,6.773716476090686
2258,2016-06-10,4.887709468211799
2259,2016-06-11,5.044824317843855
2260,2016-06-12,5.324681781744617
2261,2016-06-13,5.341153961568022
2262,2016-06-14,7.164264616251413
2263,2016-06-15,7.092119585136792
2264,2016-06-16,7.6445852602354085
2265,2016-06-17,7.719019160021932
2266,2016-06-18,9.833417475678525
2267,2016-06-19,7.140826371068145
2268,2016-06-20,7.433459750112698
2269,2016-06-21,7.456498672660931
2270,2016-06-22,9.456599611824615
2271,2016-06-23,8.348563233551127
2272,2016-06-24,10.06231866934158
2273,2016-06-25,11.057979349560261
2274,2016-06-26,10.581088230723797
2275,2016-06-27,10.121140179194123
2276,2016-06-28,7.507313057517844
2277,2016-06-29,6.571886790296532
2278,2016-06-30,6.44842330717091
2279,2016-07-01,6.654366980558554
2280,2016-07-02,6.690940974468264
2281,2016-07-03,6.115219755258135
2282,2016-07-04,5.974138932803102
2283,2016-07-05,6.107856281380676
2284,2016-07-06,6.369109363164703
2285,2016-07-07,5.939680418610446
2286,2016-07-08,6.203377694704905
2287,2016-07-09,5.151098116610392
2288,2016-07-10,5.462159315200921
2289,2016-07-11,7.509120157456581
2290,2016-07-12,5.506658873661073
2291,2016-07-13,5.93677946198414
2292,2016-07-14,6.625777860809129
2293,2016-07-15,5.893539893070984
2294,2016-07-16,7.3448441853025
2295,2016-07-17,6.191330119859188
2296,2016-07-18,6.644183458461118
2297,2016-07-19,6.552399095076548
2298,2016-07-20,6.654372470535694
2299,2016-07-21,9.426383542206775
2300,2016-07-22,8.25101186540281
2301,2016-07-23,6.127101235097787
2302,2016-07-24,6.01542686035251
2303,2016-07-25,5.44128911059197
2304,2016-07-26,4.414001733864644
2305,2016-07-27,8.18385599486368
2306,2016-07-28,4.631668225206443
2307,2016-07-29,4.983717763896134
2308,2016-07-30,5.969431524537458
2309,2016-07-31,6.644565535859895
2310,2016-08-01,6.210886816503026
2311,2016-08-02,5.717697454675378
2312,2016-08-03,4.978093525147889
2313,2016-08-04,5.230970447889587
2314,2016-08-05,5.571401050398702
2315,2016-08-06,5.847744958741709
2316,2016-08-07,8.695152861268346
2317,2016-08-08,6.786349213406909
2318,2016-08-09,7.365041933784916
2319,2016-08-10,6.812600584868485
2320,2016-08-11,5.821955678422342
2321,2016-08-12,5.72493839380993
2322,2016-08-13,5.276447943023088
2323,2016-08-14,4.740889633854371
2324,2016-08-15,5.124956871158689
2325,2016-08-16,5.70835047075692
2326,2016-08-17,6.36742326391054
2327,2016-08-18,5.772997284334468
2328,2016-08-19,6.1361624850986525
2329,2016-08-20,6.32616882175002
2330,2016-08-21,7.166642455682487
2331,2016-08-22,5.8123858923431975
2332,2016-08-23,6.449639780981787
2333,2016-08-24,5.729734526984378
2334,2016-08-25,4.971159593564103
2335,2016-08-26,5.079145196629949
2336,2016-08-27,5.01849257388605
2337,2016-08-28,5.123078315102288
2338,2016-08-29,5.628197646041484
2339,2016-08-30,5.842203789243439
2340,2016-08-31,5.521952681353599
2341,2016-09-01,5.234626171237257
2342,2016-09-02,4.999298697057879
2343,2016-09-03,5.484316024201746
2344,2016-09-04,5.290227820806856
2345,2016-09-05,4.7198331826701345
2346,2016-09-06,4.427805597057319
2347,2016-09-07,4.297344333203443
2348,2016-09-08,5.012507545935288
2349,2016-09-09,5.9000321355412755
2350,2016-09-10,6.360358384755021
2351,2016-09-11,6.267717325388709
2352,2016-09-12,5.486223723724494
2353,2016-09-13,5.830951478252755
2354,2016-09-14,5.546702213088239
2355,2016-09-15,5.715120660664637
2356,2016-09-16,6.1029094257682175
2357,2016-09-17,5.184453254559825
2358,2016-09-18,5.674777809945169
2359,2016-09-19,7.194331521165759
2360,2016-09-20,7.339209304635882
2361,2016-09-21,6.299497248576164
2362,2016-09-22,7.9512950840956105
2363,2016-09-23,7.918126235594857
2364,2016-09-24,7.968647241226835
2365,2016-09-25,6.872346588767638
2366,2016-09-26,6.3936039980344
2367,2016-09-27,5.663964289728265
2368,2016-09-28,5.369689369356577
2369,2016-09-29,5.591107623476445
2370,2016-09-30,7.163215731395539
2371,2016-10-01,8.58181900986864
2372,2016-10-02,5.737674059527171
2373,2016-10-03,5.056121936511948
2374,2016-10-04,4.867789930729038
2375,2016-10-05,7.137596210228753
2376,2016-10-06,7.477152358813117
2377,2016-10-07,6.185124105838198
2378,2016-10-08,7.733646008739743
2379,2016-10-09,6.095693458779555
2380,2016-10-10,6.4025935841070645
2381,2016-10-11,7.130471946664353
2382,2016-10-12,7.601201560588418
2383,2016-10-13,7.484389719595116
2384,2016-10-14,13.08372152781563
2385,2016-10-15,11.967258887037898
2386,2016-10-16,8.84213912821178
2387,2016-10-17,7.219345089758108
2388,2016-10-18,6.956186968741521
2389,2016-10-19,7.946998627363467
2390,2016-10-20,6.8826755220697144
2391,2016-10-21,6.0480237482950825
2392,2016-10-22,9.371137435986453
2393,2016-10-23,8.26670745633986
2394,2016-10-24,6.028587720412161
2395,2016-10-25,10.121655001958308
2396,2016-10-26,7.491887562703865
2397,2016-10-27,5.888021532205581
2398,2016-10-28,8.105935878653366
2399,2016-10-29,11.501007378677375
2400,2016-10-30,12.144719148085986
2401,2016-10-31,10.434945338957968
2402,2016-11-01,8.277915988925217
2403,2016-11-02,7.6366620549826765
2404,2016-11-03,9.065986797440438
2405,2016-11-04,12.281595604029105
2406,2016-11-05,11.601370400774607
2407,2016-11-06,14.59037052447332
2408,2016-11-07,10.432559450057761
2409,2016-11-08,10.522583198341124
2410,2016-11-09,17.43670239061314
2411,2016-11-10,14.418317031684005
2412,2016-11-11,12.020589026370114
2413,2016-11-12,11.492045429164481
2414,2016-11-13,10.313384997089317
2415,2016-11-14,9.23807819100653
2416,2016-11-15,8.699764037137784
2417,2016-11-16,10.408560756914092
2418,2016-11-17,10.886824701503762
2419,2016-11-18,7.906218184354702
2420,2016-11-19,6.6217591721916
2421,2016-11-20,9.349356427753957
2422,2016-11-21,7.677975924439345
2423,2016-11-22,8.886150706100373
2424,2016-11-23,7.5022412368937
2425,2016-11-24,12.524645306741732
2426,2016-11-25,11.62416440072987
2427,2016-11-26,12.120002901234574
2428,2016-11-27,10.630117389599256
2429,2016-11-28,11.974706649595857
2430,2016-11-29,16.559249229354467
2431,2016-11-30,12.198403504064482
2432,2016-12-01,10.740542233004229
2433,2016-12-02,8.798327405598519
2434,2016-12-03,14.202688623183603
2435,2016-12-04,15.684830259680037
2436,2016-12-05,10.45446437767951
2437,2016-12-06,8.178862667633755
2438,2016-12-07,7.231775097380796
2439,2016-12-08,7.74529042158173
2440,2016-12-09,9.544791925055694
2441,2016-12-10,7.001494089734136
2442,2016-12-11,7.162398095799303
2443,2016-12-12,6.221490209905841
2444,2016-12-13,6.257431284117643
2445,2016-12-14,7.708362072798453
2446,2016-12-15,6.317309306782858
2447,2016-12-16,9.460412442417594
2448,2016-12-17,8.662962858986086
2449,2016-12-18,12.281710627664241
2450,2016-12-19,12.14261912318428
2451,2016-12-20,12.341719604178667
2452,2016-12-21,14.599974725503118
2453,2016-12-22,12.626566583343664
2454,2016-12-23,10.864803150476211
2455,2016-12-24,20.527025372602985
2456,2016-12-25,11.475599378817133
2457,2016-12-26,9.1137357289366
2458,2016-12-27,9.561533574918267
2459,2016-12-28,11.520393048404053
2460,2016-12-29,12.441425042625513
2461,2016-12-30,10.97665848429502
